category_code,brand,views,carts,purchases,view_to_cart_rate,cart_to_purchase_rate,overall_conversion_rate,min_price,max_price,avg_price
construction.tools.light,samsung,4135,251,264,0.0607,1.0518,0.0638,92.41,2236.35,386.1701113
construction.tools.light,apple,1838,201,163,0.1094,0.8109,0.0887,397.1,1979.46,866.2598022
construction.tools.light,xiaomi,1683,112,88,0.0665,0.7857,0.0523,92.64,573.76,234.2936822
construction.tools.light,huawei,1144,47,40,0.0411,0.8511,0.035,87.26,900.64,228.4293849
accessories.bag,rondell,1008,10,0,0.0099,0,0,25.71,72.05,43.81034018
Unknown,Unknown,777,40,14,0.0515,0.35,0.018,0,2574.07,178.9052799
sport.trainer,Unknown,352,18,3,0.0511,0.1667,0.0085,0,1413.16,243.0972072
construction.tools.light,oppo,346,21,18,0.0607,0.8571,0.052,140.28,849.44,315.9408372
electronics.clocks,Unknown,320,8,2,0.025,0.25,0.0063,16.99,2574.07,383.6638619
kids.toys,Unknown,314,9,6,0.0287,0.6667,0.0191,0,2080.54,135.0327009
sport.bicycle,apple,313,41,35,0.131,0.8537,0.1118,25.2,306.75,191.4544211
furniture.living_room.sofa,Unknown,310,3,2,0.0097,0.6667,0.0065,1.42,2573.3,648.2135339
sport.bicycle,xiaomi,307,21,10,0.0684,0.4762,0.0326,5.77,78.56,28.62126781
furniture.living_room.sofa,rals,277,1,0,0.0036,0,0,283.05,860.85,687.2621308
computers.peripherals.printer,Unknown,247,8,9,0.0324,1.125,0.0364,0,2572.23,290.7909564
apparel.underwear,rieker,242,0,0,0,,0,46.08,107.85,93.15448753
construction.tools.light,meizu,228,6,2,0.0263,0.3333,0.0088,68.21,402.41,148.1554769
apparel.shorts,Unknown,225,5,4,0.0222,0.8,0.0178,7.72,2483.72,714.6768219
sport.trainer,rivertoys,221,6,0,0.0271,0,0,65.64,422.15,250.2065796
appliances.kitchen.refrigerators,Unknown,207,11,5,0.0531,0.4545,0.0242,34.47,1776.11,272.6335625
apparel.scarf,silverlit,204,4,0,0.0196,0,0,7.7,45.82,9.724611399
appliances.kitchen.coffee_grinder,lucente,191,12,16,0.0628,1.3333,0.0838,131.28,1050.48,412.7624476
Unknown,force,185,7,8,0.0378,1.1429,0.0432,27.03,214.91,113.4678571
furniture.bedroom.bed,Unknown,182,10,7,0.0549,0.7,0.0385,10.3,1676.49,174.5925906
computers.peripherals.printer,lucente,181,4,13,0.0221,3.25,0.0718,55.09,518.16,177.8648786
appliances.personal.massager,samsung,180,9,5,0.05,0.5556,0.0278,102.71,2574.04,572.1153861
apparel.scarf,Unknown,178,9,0,0.0506,0,0,3.09,821.13,27.75707547
accessories.umbrella,Unknown,173,0,0,0,,0,5.21,1297.33,1037.955119
construction.components.faucet,Unknown,171,9,10,0.0526,1.1111,0.0585,0,1913,206.262044
electronics.camera.video,nokia,169,4,2,0.0237,0.5,0.0118,18.02,128.45,62.21959786
apparel.shoes,Unknown,161,4,4,0.0248,1,0.0248,0,383.41,101.3934383
electronics.clocks,casio,161,8,4,0.0497,0.5,0.0248,12.36,2162.22,118.8778216
Unknown,toyo,159,4,2,0.0252,0.5,0.0126,39.9,262.56,153.6681853
electronics.audio.headphone,acer,155,3,3,0.0194,1,0.0194,257.15,2320.96,541.2240888
electronics.video.projector,Unknown,145,1,2,0.0069,2,0.0138,57.66,2108.14,437.3484082
apparel.shoes,xiaomi,139,19,14,0.1367,0.7368,0.1007,21.88,82,32.12681115
apparel.shoes.moccasins,Unknown,138,3,2,0.0217,0.6667,0.0145,38.59,2204.54,206.0142754
electronics.audio.headphone,lenovo,133,5,4,0.0376,0.8,0.0301,229.09,2566.32,549.45488
kids.toys,rastar,131,4,0,0.0305,0,0,12.84,117.36,21.23400922
electronics.clocks,apple,130,9,9,0.0692,1,0.0692,290.61,1181.5,437.9587226
apparel.shirt,Unknown,123,1,0,0.0081,0,0,0,1554.74,77.74325203
apparel.shoes,respect,119,2,1,0.0168,0.5,0.0084,23.17,151.61,67.84122449
computers.desktop,Unknown,119,3,1,0.0252,0.3333,0.0084,4.38,335.3,61.19685345
apparel.shoes.keds,Unknown,116,4,1,0.0345,0.25,0.0086,9.01,669.23,149.6177303
electronics.audio.headphone,asus,116,7,4,0.0603,0.5714,0.0345,231.59,2205.95,699.3795133
electronics.audio.microphone,Unknown,116,0,0,0,,0,0,2574.07,641.8807667
apparel.shoes.sandals,Unknown,112,4,0,0.0357,0,0,3.09,875.18,82.46603306
apparel.costume,nike,108,1,0,0.0093,0,0,40.93,59.72,46.5652349
appliances.kitchen.washer,lg,106,7,7,0.066,1,0.066,292.17,2162.19,407.1412076
appliances.personal.massager,lg,103,10,7,0.0971,0.7,0.068,71.82,2393.86,543.6391228
Unknown,cordiant,101,9,4,0.0891,0.4444,0.0396,27.03,90.09,41.90756637
apparel.underwear,Unknown,101,1,0,0.0099,0,0,2.25,2393.88,315.859835
appliances.kitchen.washer,samsung,101,9,3,0.0891,0.3333,0.0297,295.99,1428.58,427.1586992
sport.bicycle,samsung,100,8,11,0.08,1.375,0.11,6.67,151.82,84.92879668
construction.tools.light,vivo,98,6,6,0.0612,1,0.0612,141.55,411.83,244.3656667
Unknown,bosch,97,4,1,0.0412,0.25,0.0103,7.7,1322.81,262.2344397
apparel.shoes,sony,95,6,7,0.0632,1.1667,0.0737,77.22,753.54,385.2902252
apparel.shoes.keds,luminarc,93,3,0,0.0323,0,0,23.16,115.95,73.75235294
construction.tools.drill,respect,92,0,0,0,,0,31.92,76.96,34.35815126
furniture.bedroom.bed,sv,92,2,0,0.0217,0,0,89.84,687.02,284.0579739
auto.accessories.compressor,Unknown,91,6,5,0.0659,0.8333,0.0549,54.06,666.68,379.3245326
apparel.scarf,welly,90,4,0,0.0444,0,0,3.24,17.92,6.271582278
appliances.personal.massager,artel,89,7,6,0.0787,0.8571,0.0674,42.96,1865.85,216.2236364
construction.tools.light,nokia,89,3,2,0.0337,0.6667,0.0225,76.94,533.44,179.982449
electronics.video.tv,pioneer,89,1,1,0.0112,1,0.0112,56.63,772.22,248.8916034
construction.tools.drill,nike,88,3,1,0.0341,0.3333,0.0114,53.33,231.64,111.2733036
construction.tools.light,Unknown,88,0,0,0,,0,0,489.05,144.1545556
accessories.bag,Unknown,86,3,3,0.0349,1,0.0349,3.04,1841.67,111.1355026
appliances.kitchen.grill,Unknown,86,3,0,0.0349,0,0,2.9,1274.16,58.64241573
Unknown,tefal,85,2,1,0.0235,0.5,0.0118,9.24,151.84,81.13539474
appliances.personal.massager,Unknown,83,3,3,0.0361,1,0.0361,0,1257.95,239.8991367
construction.tools.light,realme,83,3,1,0.0361,0.3333,0.012,174.78,514.56,304.878247
electronics.clocks,samsung,79,4,4,0.0506,1,0.0506,154.16,486.38,257.5926563
electronics.audio.headphone,hp,77,3,4,0.039,1.3333,0.0519,234.21,2275.13,536.8411111
electronics.audio.subwoofer,Unknown,77,3,2,0.039,0.6667,0.026,3.6,301.15,79.27441748
apparel.shoes,rieker,76,0,1,0,,0.0132,40.93,106.57,55.9044186
appliances.kitchen.refrigerators,dauscher,76,3,1,0.0395,0.3333,0.0132,20.08,977.89,375.2264458
appliances.kitchen.refrigerators,pulser,76,2,3,0.0263,1.5,0.0395,185.31,2293.47,749.4199701
electronics.video.tv,Unknown,76,3,2,0.0395,0.6667,0.0263,0,347.5,131.940875
kids.toys,lucente,75,6,1,0.08,0.1667,0.0133,25.99,315.85,184.6201186
construction.tools.light,honor,74,1,1,0.0135,1,0.0135,90.07,668.97,236.6597297
appliances.kitchen.washer,indesit,73,3,2,0.0411,0.6667,0.0274,117.89,357.23,223.2692414
kids.toys,hasbro,73,4,1,0.0548,0.25,0.0137,12.5,72.05,20.68457143
computers.peripherals.printer,sokolov,71,3,2,0.0423,0.6667,0.0282,8.75,698.07,107.3752294
construction.components.faucet,lucente,71,3,2,0.0423,0.6667,0.0282,62.29,301.17,150.7093452
Unknown,triangle,69,6,1,0.087,0.1667,0.0145,30.37,82.37,48.72024845
appliances.environment.vacuum,samsung,67,7,7,0.1045,1,0.1045,66.41,823.68,129.4818041
apparel.shoes.slipons,samsung,65,10,6,0.1538,0.6,0.0923,37.32,720.46,242.9874176
computers.components.cooler,redmond,63,5,2,0.0794,0.4,0.0317,38.35,229.84,94.77862069
sport.bicycle,jbl,63,2,2,0.0317,1,0.0317,8.96,257.12,66.06
furniture.kitchen.table,defacto,62,1,0,0.0161,0,0,3.84,23.14,8.466899225
appliances.sewing_machine,janome,61,10,6,0.1639,0.6,0.0984,103.6,1286.73,246.9392825
Unknown,aeroforce,60,2,2,0.0333,1,0.0333,24.45,217.25,125.3136697
Unknown,stels,60,2,1,0.0333,0.5,0.0167,15.44,190.46,114.4688034
electronics.audio.headphone,apple,59,5,1,0.0847,0.2,0.0169,25.71,2574.04,1437.115588
electronics.smartphone,samsung,59,1,1,0.0169,1,0.0169,174.75,849.16,350.3361458
kids.skates,Unknown,59,1,0,0.0169,0,0,0,411.85,112.4760119
Unknown,yokohama,58,6,1,0.1034,0.1667,0.0172,44.27,207.61,84.50263566
apparel.scarf,mattel,58,1,0,0.0172,0,0,6.92,24.69,8.615212766
electronics.clocks,amazfit,58,1,0,0.0172,0,0,63.7,245.57,79.37508475
Unknown,artel,57,5,3,0.0877,0.6,0.0526,87.49,424.44,174.4493023
Unknown,bts,57,1,1,0.0175,1,0.0175,56.6,445.29,259.0409
Unknown,verloni,57,2,1,0.0351,0.5,0.0175,41.16,68.02,41.79555556
sport.bicycle,Unknown,57,0,0,0,,0,5.12,1274.16,125.8368159
appliances.environment.vacuum,bosch,56,0,0,0,,0,77.74,401.53,170.2205785
Unknown,skad,55,5,0,0.0909,0,0,48.39,361.91,222.9281818
kids.toys,respect,55,0,0,0,,0,31.92,76.96,46.13397727
sport.snowboard,Unknown,55,1,0,0.0182,0,0,2.34,308.89,187.122
appliances.kitchen.refrigerators,lg,54,2,0,0.037,0,0,334.6,1956.03,663.634252
furniture.kitchen.table,Unknown,54,1,0,0.0185,0,0,0,2187.96,336.7296262
Unknown,kapsen,53,3,0,0.0566,0,0,24.97,80.05,44.52873684
appliances.kitchen.toster,phoenix,53,2,2,0.0377,1,0.0377,77.2,231.64,159.7880342
appliances.personal.massager,haier,53,2,2,0.0377,1,0.0377,108.09,772.19,232.5744094
appliances.kitchen.refrigerators,indesit,52,4,2,0.0769,0.5,0.0385,176.92,414.4,300.6695964
appliances.personal.massager,xiaomi,52,1,1,0.0192,1,0.0192,39.9,514.79,361.1610471
construction.tools.welding,samsung,52,2,0,0.0385,0,0,2.29,43.73,18.73457143
accessories.wallet,sho-me,50,4,2,0.08,0.5,0.04,90.09,193.06,139.8768085
electronics.clocks,orient,50,2,1,0.04,0.5,0.02,63.06,278.62,148.802623
sport.bicycle,sony,50,4,2,0.08,0.5,0.04,6.41,1801.82,130.3794805
apparel.shoes,starline,49,2,1,0.0408,0.5,0.0204,58.69,595.9,160.2290816
construction.components.faucet,sokolov,49,3,5,0.0612,1.6667,0.102,7.85,532.83,109.1041667
furniture.kitchen.table,febest,49,0,0,0,,0,1.08,145.78,17.33506667
Unknown,goodyear,47,1,0,0.0213,0,0,46.85,429.48,86.76028169
apparel.shoes.sandals,montale,47,2,1,0.0426,0.5,0.0213,79.19,162.42,92.43197531
appliances.personal.massager,arg,47,0,0,0,,0,102.94,360.34,245.8647368
computers.components.motherboard,defacto,47,1,3,0.0213,3,0.0638,11.56,43.73,17.04633588
kids.dolls,Unknown,47,0,0,0,,0,1.88,1415.71,157.3710843
appliances.personal.massager,sony,45,3,0,0.0667,0,0,295.99,2574.04,735.1152846
furniture.universal.light,Unknown,45,1,1,0.0222,1,0.0222,4.09,1424.81,183.0779
sport.bicycle,huawei,45,2,1,0.0444,0.5,0.0222,10.01,179.9,120.9479121
apparel.shoes,intex,44,0,1,0,,0.0227,22.81,105.82,48.48837209
appliances.kitchen.meat_grinder,salamander,44,1,0,0.0227,0,0,51.22,136.94,83.68088889
appliances.kitchen.refrigerators,samsung,44,1,0,0.0227,0,0,213.62,1776.08,815.6560448
construction.tools.welding,Unknown,44,3,0,0.0682,0,0,0,504.62,142.9775229
electronics.clocks,garmin,44,1,0,0.0227,0,0,64.09,2568.92,696.0233962
apparel.costume,Unknown,43,1,0,0.0233,0,0,4.34,770.97,89.59752941
electronics.video.tv,jvc,43,2,1,0.0465,0.5,0.0233,25.74,296.02,75.3
accessories.wallet,Unknown,42,3,0,0.0714,0,0,30.86,471.05,79.37316239
apparel.shoes.slipons,apple,42,2,0,0.0476,0,0,308.61,1801.59,752.4330357
appliances.environment.vacuum,tefal,42,0,1,0,,0.0238,69.47,386.08,176.3401163
electronics.video.tv,ams,42,0,0,0,,0,126.13,360.37,225.7731579
furniture.living_room.chair,lego,42,2,0,0.0476,0,0,4.61,442.48,52.51289157
sport.bicycle,redmond,42,1,1,0.0238,1,0.0238,14.65,95.72,49.5977305
Unknown,galaxy,41,1,0,0.0244,0,0,8.73,107.93,30.94183908
Unknown,maxxis,41,3,0,0.0732,0,0,37.71,242.99,115.4375
Unknown,nokian,41,1,0,0.0244,0,0,37.2,222.91,69.384375
Unknown,rowenta,41,7,3,0.1707,0.4286,0.0732,19.72,687.28,150.1479487
apparel.shorts,imperial,41,0,0,0,,0,669.23,785.09,678.7877273
appliances.environment.vacuum,xiaomi,41,3,1,0.0732,0.3333,0.0244,77.22,510.91,316.5466346
appliances.kitchen.washer,beko,41,4,3,0.0976,0.75,0.0732,182.73,346.55,219.0621622
construction.tools.drill,Unknown,41,2,0,0.0488,0,0,11.56,1230.69,108.9973171
accessories.bag,glasman,40,0,0,0,,0,32.16,77.2,39.8758209
apparel.shirt,defacto,40,1,0,0.025,0,0,4.35,30.86,14.69475
appliances.kitchen.oven,asel,40,5,6,0.125,1.2,0.15,43.73,92.95,58.63856481
electronics.clocks,xiaomi,40,0,0,0,,0,4.53,205.67,134.9466234
apparel.shorts,lider,39,0,1,0,,0.0256,382.22,734.36,435.0530682
appliances.kitchen.refrigerators,domini,39,1,1,0.0256,1,0.0256,208.5,463.33,318.0554795
appliances.kitchen.toster,Unknown,39,3,0,0.0769,0,0,9.44,2552.96,200.3818269
computers.components.cooler,Unknown,39,2,1,0.0513,0.5,0.0256,3.06,809.63,64.60228261
sport.bicycle,accesstyle,39,2,1,0.0513,0.5,0.0256,28.14,45.88,28.44926471
sport.trainer,lider,39,0,0,0,,0,202.04,437.33,347.8619388
apparel.trousers,iqos,38,6,12,0.1579,2,0.3158,43.76,95.24,64.387
furniture.living_room.sofa,divalux,38,0,0,0,,0,411.85,1274.16,734.408375
Unknown,philips,37,5,1,0.1351,0.2,0.027,25.71,900.9,79.23129412
appliances.kitchen.refrigerators,netechnics,37,0,1,0,,0.027,566.04,2033.51,999.6668831
appliances.kitchen.washer,midea,37,4,2,0.1081,0.5,0.0541,100.36,322.83,170.3960377
country_yard.cultivator,defacto,37,1,1,0.027,1,0.027,5.12,25.71,8.623478261
Unknown,total,36,0,0,0,,0,5.12,64.33,27.25098039
computers.peripherals.mouse,salamander,36,1,0,0.0278,0,0,37.07,44.53,38.21769231
construction.tools.light,tp-link,36,1,1,0.0278,1,0.0278,58.92,151.61,104.4441176
Unknown,kingston,35,1,1,0.0286,1,0.0286,4.35,765.76,457.201988
Unknown,tunga,35,3,0,0.0857,0,0,24.45,43.5,30.45970297
Unknown,vitek,35,5,5,0.1429,1,0.1429,6.39,123.53,23.89160256
appliances.kitchen.grill,mattel,35,1,0,0.0286,0,0,10.27,74.88,26.3142
construction.tools.generator,tefal,35,7,3,0.2,0.4286,0.0857,11.56,56.6,24.28358491
electronics.video.tv,swat,35,1,0,0.0286,0,0,25.74,234.24,92.18027027
Unknown,michelin,34,4,0,0.1176,0,0,56.63,375.17,136.6916667
construction.tools.light,lenovo,34,0,0,0,,0,126.13,497.52,474.2487826
sport.bicycle,crown,34,2,0,0.0588,0,0,3.93,26.01,14.85427083
Unknown,matrix,33,0,0,0,,0,10.3,264.3,71.31491803
appliances.kitchen.toster,giant,33,1,0,0.0303,0,0,97.81,2573.81,903.7029333
kids.toys,defacto,33,0,0,0,,0,5.89,23.14,10.06477612
sport.trainer,bosch,33,0,0,0,,0,12.84,343.25,142.0912821
apparel.shoes,samsung,32,0,2,0,,0.0625,25.2,71.28,34.499
appliances.kitchen.hood,Unknown,32,2,1,0.0625,0.5,0.0313,21.56,112.18,53.6854717
appliances.personal.massager,acer,32,0,1,0,,0.0313,69.24,875.16,204.7749451
construction.tools.light,sony,32,2,1,0.0625,0.5,0.0313,133.57,1029.6,608.3278082
Unknown,helpfer,31,1,0,0.0323,0,0,56.63,156.76,87.2519697
apparel.costume,omron,31,7,4,0.2258,0.5714,0.129,40.15,113.16,68.12953704
apparel.scarf,bruder,31,1,0,0.0323,0,0,25.71,174.52,62.40612903
appliances.personal.massager,yasin,31,1,0,0.0323,0,0,102.94,373.21,195.0508333
construction.tools.light,bq,31,1,1,0.0323,1,0.0323,36.01,205.9,91.28852459
construction.tools.light,doogee,31,1,0,0.0323,0,0,92.83,204.86,127.6214815
construction.tools.light,oneplus,31,0,0,0,,0,457.81,882.88,613.8401163
electronics.video.tv,kenwood,31,2,0,0.0645,0,0,50.17,823.7,132.1573973
furniture.bedroom.bed,brw,31,0,0,0,,0,82.11,627.82,284.6281356
furniture.bedroom.bed,bts,31,2,2,0.0645,1,0.0645,102.94,409.25,123.6056897
furniture.living_room.sofa,mebbery,31,0,0,0,,0,375.79,913.77,675.3657447
sport.trainer,kukmara,31,2,0,0.0645,0,0,16.47,38.31,32.4339726
Unknown,dauscher,30,3,2,0.1,0.6667,0.0667,15.42,514.79,368.7972527
Unknown,viatti,30,4,1,0.1333,0.25,0.0333,35,83.66,49.49621212
appliances.kitchen.blender,vitek,30,4,3,0.1333,0.75,0.1,23.14,71.98,38.73086957
appliances.kitchen.refrigerators,atlant,30,2,1,0.0667,0.5,0.0333,132.73,484.99,254.7627523
construction.tools.generator,Unknown,30,2,0,0.0667,0,0,11.2,154.43,40.65691589
construction.tools.saw,Unknown,30,1,0,0.0333,0,0,8.86,2574.07,374.3413433
electronics.clocks,ariston,30,2,2,0.0667,1,0.0667,85.69,1212.94,148.8758879
furniture.bedroom.blanket,arg,30,1,1,0.0333,1,0.0333,48.88,59.18,53.82225806
furniture.kitchen.chair,Unknown,30,0,0,0,,0,4.09,300.11,56.53688525
Unknown,kipardo,29,4,1,0.1379,0.25,0.0345,200.78,539.32,354.5318333
Unknown,matador,29,4,1,0.1379,0.25,0.0345,34.75,341.32,66.94470588
apparel.shoes.step_ins,intel,29,0,0,0,,0,45.56,1058.86,260.9583333
apparel.tshirt,Unknown,29,1,0,0.0345,0,0,1.8,1106.85,486.1146154
apparel.underwear,respect,29,0,0,0,,0,51.22,83.14,64.16015873
apparel.underwear,walkmaxx,29,0,0,0,,0,30.86,41.16,40.88162162
appliances.environment.air_heater,gigabyte,29,2,3,0.069,1.5,0.1034,38.62,1548.3,331.0855405
appliances.kitchen.refrigerators,midea,29,0,0,0,,0,109.91,1101.14,349.2279762
electronics.tablet,Unknown,29,3,1,0.1034,0.3333,0.0345,1.34,558.55,84.32988764
Unknown,powertrac,28,3,2,0.1071,0.6667,0.0714,22.65,127.29,48.24754386
Unknown,rondell,28,0,0,0,,0,5.12,149.27,69.88470588
Unknown,sv,28,0,1,0,,0.0357,84.17,565.52,282.9318605
accessories.bag,respect,28,0,0,0,,0,33.21,89.84,55.05098039
apparel.shoes.step_ins,amd,28,0,0,0,,0,48.14,1430.35,227.4359677
appliances.kitchen.refrigerators,acer,28,1,0,0.0357,0,0,190.2,2531.45,580.219863
computers.peripherals.mouse,respect,28,0,0,0,,0,32.95,92.41,58.99047619
electronics.audio.microphone,defacto,28,0,0,0,,0,6.41,33.44,14.15954545
electronics.audio.microphone,valkiria,28,0,0,0,,0,18.02,43.5,24.93780488
electronics.audio.subwoofer,pioneer,28,0,1,0,,0.0357,25.74,265.13,70.59558824
sport.trainer,karcher,28,0,0,0,,0,66.69,1093.96,326.7185075
Unknown,brw,27,1,0,0.037,0,0,32.18,480.32,156.2601887
accessories.wallet,neoline,27,1,0,0.037,0,0,48.88,323.83,163.9829167
appliances.environment.vacuum,Unknown,27,3,0,0.1111,0,0,69.14,772.19,425.161375
appliances.environment.vacuum,karcher,27,2,1,0.0741,0.5,0.037,79.77,707.87,214.8238824
appliances.kitchen.coffee_grinder,jade,27,1,3,0.037,3,0.1111,123.56,278,148.6445455
appliances.personal.massager,tcl,27,1,0,0.037,0,0,180.91,800.51,292.961746
computers.peripherals.printer,carfashion,27,3,3,0.1111,1,0.1111,25.48,163.66,65.85
computers.peripherals.printer,efremov,27,1,0,0.037,0,0,72.07,214.68,110.8002174
construction.components.faucet,jade,27,0,0,0,,0,159.59,2178.95,213.6773171
construction.tools.drill,puma,27,0,0,0,,0,82.11,126.1,99.71744186
sport.ski,Unknown,27,0,0,0,,0,6.24,717.11,68.10891304
accessories.bag,dauscher,26,0,1,0,,0.0385,10.27,43.73,38.37047619
accessories.bag,defacto,26,1,0,0.0385,0,0,15.42,51.46,27.80347826
construction.tools.generator,dauscher,26,0,1,0,,0.0385,11.02,11.02,11.02
electronics.audio.subwoofer,element,26,3,2,0.1154,0.6667,0.0769,115.81,131.25,125.1842857
electronics.video.projector,bts,26,0,0,0,,0,102.71,390.72,160.605098
electronics.video.tv,alpine,26,4,1,0.1538,0.25,0.0385,82.37,823.7,190.4203333
furniture.kitchen.chair,xiaomi,26,6,3,0.2308,0.5,0.1154,11.84,51.46,23.25671642
kids.swing,xiaomi,26,4,2,0.1538,0.5,0.0769,30.89,75.94,62.70133333
kids.toys,jade,26,0,0,0,,0,64.35,1441.48,238.4843243
appliances.environment.vacuum,philips,25,0,0,0,,0,102.42,308.86,237.9114545
appliances.kitchen.toster,axis,25,1,0,0.04,0,0,100.39,244.28,190.69125
appliances.kitchen.washer,bosch,25,1,0,0.04,0,0,385.83,1744.93,519.1867089
furniture.bedroom.bed,sokolov,25,0,0,0,,0,6.18,310.33,53.40016129
kids.skates,greenbike,25,0,0,0,,0,1152.4,1152.4,1152.4
sport.bicycle,elari,25,1,1,0.04,1,0.04,51.22,66.9,63.62529412
Unknown,arg,24,1,0,0.0417,0,0,7.18,450.44,91.46954545
apparel.shoes.espadrilles,Unknown,24,1,0,0.0417,0,0,47.85,1348.81,226.5466667
apparel.shoes.sandals,amouage,24,0,0,0,,0,217.45,411.59,343.832
apparel.shoes.sandals,chanel,24,1,0,0.0417,0,0,97.27,278,159.8698582
apparel.shoes.sandals,dior,24,0,0,0,,0,87.16,173.6,118.0369048
apparel.shoes.slipons,bq,24,1,0,0.0417,0,0,55.09,115.58,78.39287879
appliances.environment.air_heater,asus,24,0,0,0,,0,93.95,1774.39,322.059
appliances.kitchen.washer,haier,24,0,0,0,,0,283.12,746.45,357.4069298
appliances.personal.massager,philips,24,1,1,0.0417,1,0.0417,66.67,725.48,296.8719231
auto.accessories.compressor,lucente,24,2,0,0.0833,0,0,208.32,619.06,374.3436667
electronics.video.projector,sv,24,0,0,0,,0,67.18,463.07,321.0615909
furniture.bedroom.blanket,midea,24,1,0,0.0417,0,0,46.31,62.22,49.93984615
furniture.bedroom.blanket,samsung,24,0,1,0,,0.0417,102.76,524.17,148.4014035
medicine.tools.tonometer,Unknown,24,0,1,0,,0.0417,0,77.22,45.12333333
sport.bicycle,wiwu,24,1,1,0.0417,1,0.0417,64.35,66.67,65.32684211
Unknown,redmond,23,1,0,0.0435,0,0,21.18,241.94,85.61627451
apparel.shoes,huawei,23,1,2,0.0435,2,0.087,17.99,77.2,36.84204545
apparel.shorts,sv,23,0,0,0,,0,360.11,1096.81,620.623125
appliances.kitchen.mixer,xiaomi,23,1,1,0.0435,1,0.0435,360.11,630.07,467.7286667
appliances.kitchen.oven,artel,23,2,2,0.087,1,0.087,37.04,97.79,52.03172727
appliances.kitchen.refrigerators,bts,23,0,0,0,,0,51.22,105.54,66.12586957
appliances.kitchen.refrigerators,smart,23,0,0,0,,0,489.05,2213.67,1311.830833
appliances.kitchen.washer,artel,23,0,0,0,,0,51.46,146.44,106.082037
construction.tools.drill,adidas,23,1,0,0.0435,0,0,65.69,126.1,110.9910417
construction.tools.generator,rondell,23,0,2,0,,0.087,10.27,56.6,35.09902439
construction.tools.light,tecno,23,1,0,0.0435,0,0,66.67,172.21,148.310597
electronics.audio.subwoofer,kicx,23,0,0,0,,0,19.56,161.91,85.79433333
electronics.clocks,huawei,23,1,1,0.0435,1,0.0435,128.68,283.12,167.2516667
electronics.video.projector,brw,23,0,0,0,,0,67.44,560.89,317.3872917
kids.skates,wingoffly,23,1,1,0.0435,1,0.0435,109.24,124.84,120.2535294
kids.toys,escan,23,2,1,0.087,0.5,0.0435,25.48,76.96,58.24551724
Unknown,crown,22,1,0,0.0455,0,0,27.8,221.11,63.30660377
Unknown,polaris,22,3,3,0.1364,1,0.1364,12.84,143.71,41.18670732
apparel.jeans,defacto,22,1,1,0.0455,1,0.0455,7.7,25.71,14.54339623
apparel.pajamas,Unknown,22,1,1,0.0455,1,0.0455,9.01,153.14,78.73125
apparel.shoes,fubag,22,0,0,0,,0,179.4,646.61,216.0324138
appliances.kitchen.blender,braun,22,0,0,0,,0,54.03,175.01,83.24641026
computers.peripherals.printer,jade,22,0,0,0,,0,93.7,1492.96,345.9617949
electronics.camera.video,bq,22,4,1,0.1818,0.25,0.0455,8.46,48.43,17.34028986
furniture.kitchen.table,tp-link,22,0,2,0,,0.0909,9.2,142.11,37.58947368
Unknown,bfgoodrich,21,1,0,0.0476,0,0,53.41,354.58,165.4651429
Unknown,dewalt,21,1,0,0.0476,0,0,5.14,373.24,68.95325
Unknown,rimax,21,0,0,0,,0,272.34,664.62,369.1053333
accessories.bag,bergner,21,0,0,0,,0,25.34,25.34,25.34
apparel.costume,defacto,21,2,0,0.0952,0,0,5.12,17.99,9.061818182
apparel.underwear,yamaha,21,1,1,0.0476,1,0.0476,119.17,1007.18,408.5303922
appliances.kitchen.blender,redmond,21,2,1,0.0952,0.5,0.0476,45.05,146.7,54.85603448
appliances.kitchen.hood,alteco,21,0,0,0,,0,17.63,165.77,56.99444444
appliances.kitchen.hood,dewalt,21,0,0,0,,0,68.73,551.43,259.5775221
appliances.kitchen.toster,altair,21,1,1,0.0476,1,0.0476,73.36,189.19,108.770303
construction.tools.drill,greyder,21,2,0,0.0952,0,0,61.78,113.77,78.53487805
construction.tools.pump,Unknown,21,0,0,0,,0,1.42,234.24,60.59163265
construction.tools.welding,a-case,21,0,0,0,,0,1.93,64.35,8.033571429
electronics.audio.headphone,dell,21,1,0,0.0476,0,0,339.6,2274.19,1273.745745
electronics.camera.photo,centek,21,1,1,0.0476,1,0.0476,10.27,78.21,31.88102564
electronics.clocks,jet,21,0,0,0,,0,28.29,33.44,32.41
Unknown,nexen,20,0,1,0,,0.05,32.95,80.45,47.40564103
Unknown,pirelli,20,2,0,0.1,0,0,35.65,376.97,113.9423913
Unknown,tigar,20,1,1,0.05,1,0.05,35.39,97.81,49.942
apparel.shoes,lg,20,2,4,0.1,2,0.2,83.91,385.85,163.7201408
apparel.shoes.keds,defacto,20,0,0,0,,0,7.7,23.14,12.402
apparel.shoes.sandals,creed,20,0,0,0,,0,203.08,383.54,264.5078788
apparel.shoes.sandals,versace,20,1,1,0.05,1,0.05,53.32,100.39,63.75025641
apparel.shoes.slipons,Unknown,20,1,1,0.05,1,0.05,0,163.2,55.74644068
apparel.shoes.slipons,prestigio,20,0,1,0,,0.05,50.94,128.45,63.54641026
apparel.trousers,glo,20,1,1,0.05,1,0.05,25.74,36.04,32.91878788
appliances.environment.vacuum,huter,20,0,0,0,,0,328.88,648.15,425.7004762
appliances.environment.vacuum,lg,20,2,0,0.1,0,0,54.16,669.23,136.7844643
appliances.environment.vacuum,vitek,20,0,1,0,,0.05,41.16,128.45,97.95487805
appliances.kitchen.blender,polaris,20,2,0,0.1,0,0,17.99,52,39.4318
appliances.kitchen.refrigerators,arg,20,1,1,0.05,1,0.05,90.07,424.7,148.7423529
construction.tools.welding,apple,20,0,0,0,,0,5.12,198.18,57.94785714
sport.trainer,intex,20,0,0,0,,0,8.73,101.33,59.28473684
Unknown,hifly,19,0,1,0,,0.0526,41.19,109.14,63.46909091
Unknown,scarlett,19,1,1,0.0526,1,0.0526,9.76,50.54,29.05830189
apparel.scarf,activision,19,0,0,0,,0,25.71,56.6,33.15428571
apparel.shoes,baden,19,3,1,0.1579,0.3333,0.0526,31.92,89.84,50.15756098
appliances.kitchen.blender,scarlett,19,0,0,0,,0,12.33,73.34,33.55625
appliances.kitchen.grill,karya,19,2,1,0.1053,0.5,0.0526,25.74,48.91,38.87244898
appliances.kitchen.hood,bosch,19,1,1,0.0526,1,0.0526,46.32,589.2,177.9461538
appliances.kitchen.meat_grinder,respect,19,0,0,0,,0,51.22,84.69,58.94642857
appliances.kitchen.refrigerators,haier,19,1,0,0.0526,0,0,154.42,1346.21,642.654026
construction.tools.welding,hyundai,19,2,0,0.1053,0,0,25.23,213.67,83.52530612
electronics.audio.microphone,weekend,19,0,0,0,,0,653.81,731.04,662.1504
electronics.clocks,elari,19,0,0,0,,0,38.12,85.86,47.54040816
electronics.clocks,tissot,19,0,0,0,,0,211.07,1070.81,529.1738596
furniture.bedroom.blanket,lg,19,0,0,0,,0,76.99,275.4,135.1575676
kids.skates,belecoo,19,0,0,0,,0,106.62,180.18,140.1321429
medicine.tools.tonometer,arcodoro,19,1,0,0.0526,0,0,16.22,44.71,25.15378788
Unknown,mazzini,18,2,0,0.1111,0,0,30.37,121.75,54.40794872
Unknown,sailun,18,2,0,0.1111,0,0,31.92,115.83,61.87333333
apparel.shirt,lux,18,0,0,0,,0,52.95,114.03,86.50761905
apparel.shoes,strobbs,18,0,0,0,,0,30.63,38.35,37.29727273
apparel.shoes.keds,sony,18,2,0,0.1111,0,0,167.29,952.38,243.2138636
apparel.shoes.slipons,lenovo,18,2,0,0.1111,0,0,76.94,331.6,197.2422642
appliances.environment.air_heater,msi,18,1,0,0.0556,0,0,65.56,928.72,389.7444681
appliances.environment.vacuum,kitfort,18,0,0,0,,0,38.59,174.99,119.0977143
appliances.kitchen.kettle,microlab,18,1,0,0.0556,0,0,6.38,274.21,64.91265625
appliances.kitchen.mixer,kitfort,18,0,0,0,,0,112.2,285.47,126.0747826
appliances.kitchen.refrigerators,beko,18,0,0,0,,0,248.87,429.84,330.1940426
appliances.kitchen.refrigerators,lenovo,18,0,0,0,,0,334.6,1564.96,752.5237838
appliances.kitchen.toster,forward,18,0,0,0,,0,78.51,296.02,194.5107895
auto.accessories.compressor,vega,18,0,0,0,,0,28.83,91.89,53.22285714
computers.ebooks,element,18,0,0,0,,0,19.82,33.21,27.40458333
computers.notebook,Unknown,18,0,0,0,,0,6.89,60.04,17.29068966
construction.tools.drill,escan,18,0,0,0,,0,31.92,69.24,65.85888889
electronics.audio.acoustic,yamaha,18,1,0,0.0556,0,0,110.98,1090.73,273.5341667
electronics.camera.photo,redmond,18,2,1,0.1111,0.5,0.0556,23.42,51.46,35.26511111
electronics.tablet,zeta,18,1,0,0.0556,0,0,25.26,141.29,72.0062069
furniture.living_room.chair,Unknown,18,1,0,0.0556,0,0,0,563.85,67.88581395
kids.skates,xiaomi,18,1,0,0.0556,0,0,651.24,725.63,685.0536364
Unknown,cablexpert,17,0,0,0,,0,16.52,76.96,64.57105263
Unknown,kenwood,17,0,0,0,,0,122.24,1106.82,575.1964516
accessories.bag,baden,17,1,0,0.0588,0,0,20.34,64.09,40.08771429
accessories.wallet,ibox,17,1,0,0.0588,0,0,51.45,159.72,88.955
apparel.shoes.sandals,lanvin,17,2,0,0.1176,0,0,29.9,64.57,39.10979167
apparel.shoes.slipons,asrock,17,0,0,0,,0,52.77,327.88,94.58853659
apparel.shoes.slipons,kingston,17,0,0,0,,0,36.81,425.75,93.44775862
apparel.shoes.step_ins,Unknown,17,0,0,0,,0,3.61,56.63,35.26714286
appliances.ironing_board,Unknown,17,2,0,0.1176,0,0,0,580.2,54.87618182
appliances.kitchen.coffee_grinder,sokolov,17,0,0,0,,0,34.16,963.39,281.7013043
appliances.kitchen.hood,crown,17,1,1,0.0588,1,0.0588,23.94,65.66,44.32162162
auto.accessories.compressor,efremov,17,0,0,0,,0,280.83,352.9,310.8118519
computers.components.cooler,delonghi,17,0,0,0,,0,152.87,1287.01,412.8934483
computers.components.cooler,polaris,17,0,0,0,,0,12.59,257.38,67.57431373
computers.components.power_supply,jbl,17,2,0,0.1176,0,0,18.02,463.28,177.8458824
electronics.camera.video,texet,17,0,0,0,,0,8.4,41.23,18.8825
electronics.clocks,boccia,17,2,0,0.1176,0,0,74.65,1728.62,160.3508333
electronics.clocks,mykronoz,17,2,1,0.1176,0.5,0.0588,51.22,224.69,85.06708333
electronics.clocks,tobot,17,1,0,0.0588,0,0,21.03,207.47,50.60107143
electronics.video.tv,winca,17,1,0,0.0588,0,0,115.83,512.24,252.3962162
furniture.bathroom.bath,elenberg,17,0,1,0,,0.0588,12.84,29.58,19.067
furniture.bedroom.blanket,nikon,17,0,1,0,,0.0588,205.9,1178.9,752.516
furniture.bedroom.blanket,sony,17,0,1,0,,0.0588,489.05,2265.15,1119.572308
furniture.kitchen.chair,domini,17,1,0,0.0588,0,0,36.04,73.36,44.29790698
furniture.kitchen.table,ersport,17,0,0,0,,0,168.58,187.91,172.6115789
furniture.living_room.cabinet,Unknown,17,0,0,0,,0,2.17,279.71,97.94975
kids.toys,sokolov,17,0,0,0,,0,20.08,209.34,65.12333333
sport.bicycle,kartal,17,0,0,0,,0,50.97,437.59,196.5467568
sport.trainer,huter,17,0,1,0,,0.0588,66.24,167.97,116.9848276
Unknown,alcasta,16,1,0,0.0625,0,0,132.31,265.13,185.6983871
Unknown,ardesia,16,0,0,0,,0,1194.35,1194.35,1194.35
Unknown,gefest,16,1,0,0.0625,0,0,28.25,360.34,177.2931481
Unknown,shivaki,16,1,0,0.0625,0,0,119.61,184.56,161.435
apparel.scarf,janome,16,0,0,0,,0,220.39,463.82,301.6944828
apparel.trousers,Unknown,16,0,0,0,,0,64.35,185.08,87.56730769
appliances.environment.air_heater,palit,16,1,0,0.0625,0,0,167.06,887.54,303.4739623
appliances.kitchen.coffee_grinder,Unknown,16,0,1,0,,0.0625,34.24,541.58,135.7897222
appliances.personal.massager,sv,16,0,0,0,,0,205.9,1018.04,437.38
auto.accessories.alarm,Unknown,16,2,2,0.125,1,0.125,7.72,286.99,68.48558824
computers.ebooks,pocketbook,16,0,0,0,,0,102.19,162.14,135.1969565
computers.peripherals.mouse,baden,16,0,0,0,,0,33.21,64.09,57.0896
computers.peripherals.mouse,rieker,16,1,0,0.0625,0,0,43.5,65.64,53.59413793
construction.tools.generator,granhel,16,1,1,0.0625,1,0.0625,23.68,47.36,43.80235294
construction.tools.light,google,16,0,0,0,,0,527.43,1158.07,844.9937931
construction.tools.saw,artmusical,16,0,0,0,,0,97.81,643.52,223.4283333
construction.tools.welding,aurora,16,1,0,0.0625,0,0,261.01,2168.4,411.4402857
furniture.bathroom.bath,adidas,16,0,0,0,,0,84.69,84.69,84.69
furniture.bathroom.bath,bts,16,0,0,0,,0,274.88,274.88,274.88
furniture.bathroom.bath,nike,16,1,0,0.0625,0,0,84.69,89.84,85.93310345
furniture.living_room.sofa,htw,16,0,0,0,,0,254.73,539.01,312.4513333
kids.skates,coballe,16,0,0,0,,0,71.04,73.36,72.55216216
sport.bicycle,ritmix,16,1,0,0.0625,0,0,0.85,24.09,19.77395349
Unknown,sparta,15,1,0,0.0667,0,0,17.27,40.41,22.51375
Unknown,yato,15,0,0,0,,0,21.31,214.88,152.7384211
accessories.bag,bohemia,15,0,0,0,,0,52.51,164.82,119.3717241
accessories.bag,ccm,15,0,0,0,,0,84.94,113.26,92.80666667
apparel.shoes,cover,15,0,0,0,,0,79.54,138.23,107.9682759
apparel.shorts,ostamebel,15,0,0,0,,0,695,835.29,759.0937931
appliances.environment.climate,respect,15,0,0,0,,0,23.17,44.79,28.37258065
appliances.environment.vacuum,dauscher,15,2,1,0.1333,0.5,0.0667,38.59,71.53,49.16533333
appliances.kitchen.hood,makita,15,0,0,0,,0,68.97,785.09,308.8083333
appliances.kitchen.toster,sony,15,1,0,0.0667,0,0,180.16,514.56,398.3505714
auto.accessories.compressor,sokolov,15,0,0,0,,0,447.63,708.64,611.1422727
construction.tools.drill,strobbs,15,1,1,0.0667,1,0.0667,34.49,76.96,41.20346154
construction.tools.light,inoi,15,0,0,0,,0,40.51,115.81,70.3525
electronics.audio.acoustic,adagio,15,0,0,0,,0,84.94,144.15,94.64846154
electronics.audio.acoustic,walkmaxx,15,0,0,0,,0,33.44,33.44,33.44
electronics.audio.subwoofer,edge,15,0,0,0,,0,36.01,151.72,111.7826087
electronics.audio.subwoofer,jbl,15,0,0,0,,0,38.6,79.8,55.5826087
electronics.camera.photo,Unknown,15,0,0,0,,0,21.88,71.85,51.7162963
electronics.clocks,aimoto,15,1,1,0.0667,1,0.0667,45.85,66.43,55.50125
electronics.clocks,wonlex,15,2,1,0.1333,0.5,0.0667,19.82,64.07,33.56982143
furniture.bedroom.blanket,Unknown,15,0,0,0,,0,0,110.94,45.35409091
furniture.living_room.sofa,bella,15,0,0,0,,0,1222.68,1222.68,1222.68
kids.carriage,garrett,15,0,0,0,,0,138.74,2221.42,537.3321154
kids.dolls,orange,15,3,2,0.2,0.6667,0.1333,5.53,31.64,11.96678571
Unknown,defacto,14,0,0,0,,0,11.56,77.2,26.93703704
Unknown,goodride,14,1,0,0.0714,0,0,33.79,386.11,59.38724138
Unknown,intex,14,1,0,0.0714,0,0,4.89,411.85,117.6773684
Unknown,peda,14,0,0,0,,0,1212.39,1212.39,1212.39
accessories.bag,berghoff,14,0,0,0,,0,48.88,118.38,74.88961538
apparel.costume,huter,14,1,0,0.0714,0,0,101.91,535.38,332.5863333
apparel.shirt,esmeralda,14,0,0,0,,0,229.09,489.07,320.5286957
apparel.shirt,nika,14,0,1,0,,0.0714,10.81,65.69,38.9124
apparel.shoes,garmin,14,0,0,0,,0,64.33,774.05,375.0661364
apparel.shoes,pandora,14,0,0,0,,0,142.59,939.54,349.7132
apparel.shoes.keds,arg,14,2,1,0.1429,0.5,0.0714,33.44,36.01,33.5428
apparel.shoes.keds,garmin,14,0,0,0,,0,210.87,1608.77,585.6123529
apparel.shoes.slipons,asus,14,0,0,0,,0,51.46,311.95,129.49
apparel.shoes.slipons,gigabyte,14,0,1,0,,0.0714,52.46,504.23,136.5654902
appliances.environment.air_conditioner,midea,14,0,0,0,,0,128.68,561.12,207.4181818
appliances.environment.vacuum,thomas,14,0,0,0,,0,218.77,540.53,347.4613514
appliances.kitchen.hob,bosch,14,0,0,0,,0,154.16,566.27,259.8306897
appliances.kitchen.oven,beko,14,0,0,0,,0,195.6,473.6,228.6032432
appliances.kitchen.toster,cube,14,0,0,0,,0,463.07,1569.92,936.5457576
electronics.audio.headphone,msi,14,0,0,0,,0,908.64,2522.33,1529.0472
electronics.camera.photo,scarlett,14,1,1,0.0714,1,0.0714,10.27,31.38,22.32113636
electronics.smartphone,xiaomi,14,0,0,0,,0,89.81,385.83,237.2604545
electronics.video.tv,autoline,14,0,0,0,,0,175.04,579.17,304.6172727
electronics.video.tv,nakamichi,14,0,0,0,,0,53.8,99.1,79.73617647
furniture.bedroom.blanket,panasonic,14,0,0,0,,0,33.44,1501.07,185.9770968
furniture.bedroom.blanket,vitek,14,0,1,0,,0.0714,19.79,73.34,35.56666667
kids.toys,nike,14,0,0,0,,0,53.88,136.4,105.4446429
sport.ski,defacto,14,1,0,0.0714,0,0,5.12,25.71,14.47538462
Unknown,alteco,13,0,0,0,,0,24.45,188.42,63.28045455
Unknown,darina,13,0,0,0,,0,36.01,308.86,205.0658333
Unknown,gemei,13,1,0,0.0769,0,0,16.73,25.48,21.45464286
Unknown,gorenje,13,0,0,0,,0,28.55,398.95,145.8741667
Unknown,hansa,13,0,0,0,,0,244.51,488.79,412.2495918
Unknown,poholy,13,0,0,0,,0,52.79,52.79,52.79
accessories.bag,gipfel,13,0,0,0,,0,63.78,319.67,156.565
accessories.bag,huggies,13,2,1,0.1538,0.5,0.0769,2.96,28.83,15.94428571
accessories.bag,karya,13,1,0,0.0769,0,0,27.03,126.13,83.87676471
apparel.shirt,omabelle,13,0,0,0,,0,360.37,540.55,457.9675
apparel.shirt,turtle,13,0,0,0,,0,136.43,151.87,138.1455556
apparel.shoes,incanto,13,1,1,0.0769,1,0.0769,51.46,257.38,176.4
apparel.shoes,perilla,13,1,1,0.0769,1,0.0769,15.42,38.59,24.65137931
apparel.shoes.espadrilles,spinbike,13,0,0,0,,0,172.44,185.82,182.9113043
apparel.shoes.moccasins,brw,13,1,0,0.0769,0,0,43.73,200.52,91.1373913
apparel.shoes.slipons,huawei,13,0,0,0,,0,108.09,282.86,169.7402703
apparel.underwear,casio,13,1,1,0.0769,1,0.0769,96.27,1074.62,402.0540909
appliances.environment.vacuum,arnica,13,2,0,0.1538,0,0,59.15,231.26,168.4590909
appliances.environment.vacuum,scarlett,13,0,0,0,,0,64.84,138.97,114.2458824
appliances.kitchen.blender,dsp,13,0,0,0,,0,25.48,25.48,25.48
appliances.kitchen.juicer,Unknown,13,0,0,0,,0,17.22,285.41,72.54632653
appliances.kitchen.kettle,berlingerhaus,13,0,0,0,,0,36.01,51.46,39.44296296
appliances.kitchen.kettle,sven,13,2,0,0.1538,0,0,13.36,90.07,68.23511628
appliances.kitchen.mixer,vitek,13,0,0,0,,0,17.99,105.58,56.18133333
appliances.kitchen.toster,stels,13,0,0,0,,0,133.85,562.43,203.8103333
appliances.kitchen.washer,Unknown,13,0,0,0,,0,77.99,900.9,251.8145833
appliances.personal.massager,denn,13,1,1,0.0769,1,0.0769,102.94,270.25,255.4
appliances.personal.massager,hp,13,0,1,0,,0.0769,146.49,427.04,301.00325
appliances.personal.massager,kivi,13,0,0,0,,0,115.55,460.76,325.6654545
appliances.personal.massager,qmax,13,0,0,0,,0,61.25,154.44,118.8011111
computers.components.power_supply,Unknown,13,0,0,0,,0,1.16,328.71,69.83666667
computers.peripherals.mouse,Unknown,13,1,0,0.0769,0,0,8.47,815.98,100.3847222
construction.tools.drill,fila,13,0,0,0,,0,81.7,121.86,103.1382609
construction.tools.generator,defacto,13,0,0,0,,0,12.84,15.42,14.42769231
construction.tools.light,haier,13,0,1,0,,0.0769,38.59,128.68,92.54814815
construction.tools.light,prestigio,13,0,0,0,,0,38.33,115.81,80.26333333
electronics.audio.music_tools.piano,defacto,13,1,0,0.0769,0,0,3.84,15.42,5.209166667
electronics.camera.photo,tefal,13,0,0,0,,0,25.71,82.29,47.54407407
electronics.clocks,canyon,13,0,0,0,,0,30.86,77.2,67.80884615
furniture.bathroom.bath,philips,13,3,2,0.2308,0.6667,0.1538,30.62,669.18,164.2328571
furniture.bedroom.blanket,elenberg,13,0,0,0,,0,8.98,61.75,15.6962069
kids.swing,Unknown,13,2,0,0.1538,0,0,25.74,528.97,100.95
sport.bicycle,defender,13,0,0,0,,0,1.52,16.42,9.855625
sport.bicycle,plantronics,13,1,0,0.0769,0,0,15.39,179.93,72.88155556
sport.ski,redmond,13,0,0,0,,0,51.46,64.33,52.1035
sport.trainer,adil,13,0,0,0,,0,102.71,205.93,125.8817949
sport.trainer,philips,13,1,0,0.0769,0,0,4.63,24.45,22.32916667
Unknown,hygge,12,0,0,0,,0,574.02,625.5,613.62
Unknown,ovation,12,1,0,0.0833,0,0,44.02,105.28,58.15882353
Unknown,rals,12,0,0,0,,0,47.22,132.95,93.88904762
Unknown,trebl,12,2,1,0.1667,0.5,0.0833,16.73,205.93,59.50117647
Unknown,xiaomi,12,1,0,0.0833,0,0,15.19,589.43,180.0733333
accessories.bag,agness,12,1,0,0.0833,0,0,19.05,85.64,36.56842105
apparel.scarf,sony,12,0,0,0,,0,15.49,53.82,25.40882353
apparel.shirt,atlant,12,1,0,0.0833,0,0,23.17,123.56,74.21192308
apparel.shirt,tamina,12,0,0,0,,0,180.18,643.51,262.8236842
apparel.shorts,bts,12,0,0,0,,0,508.87,514.56,514.2252941
apparel.underwear,covani,12,0,0,0,,0,92.92,121.24,94.69
apparel.underwear,denn,12,1,0,0.0833,0,0,14.39,144.12,54.45181818
appliances.environment.climate,salamander,12,1,1,0.0833,1,0.0833,76.45,98.33,90.4790625
appliances.kitchen.juicer,kingston,12,1,0,0.0833,0,0,27.8,776.33,102.158
appliances.kitchen.washer,candy,12,1,1,0.0833,1,0.0833,218.77,437.57,287.7723333
electronics.audio.acoustic,salamander,12,0,0,0,,0,89.58,127.42,111.7545
electronics.audio.headphone,xiaomi,12,0,0,0,,0,658.7,1853.07,1209.611667
electronics.audio.subwoofer,alpine,12,1,1,0.0833,1,0.0833,50.19,164.74,138.3544737
electronics.clocks,fossil,12,0,0,0,,0,123.56,191.51,165.9030435
electronics.smartphone,huawei,12,0,0,0,,0,102.68,771.96,226.7405556
furniture.bathroom.bath,tefal,12,0,0,0,,0,30.44,193.03,71.83171429
furniture.bedroom.bed,redford,12,0,0,0,,0,170.4,281.09,220.0704545
furniture.living_room.cabinet,xiaomi,12,1,0,0.0833,0,0,66.93,179.93,102.1451613
kids.skates,alis,12,1,1,0.0833,1,0.0833,60.46,137.3,115.0410714
kids.skates,yoya,12,0,0,0,,0,79.8,102.94,85.58714286
sport.bicycle,vitek,12,0,0,0,,0,21.62,23.14,22.051875
sport.ski,xiaomi,12,2,0,0.1667,0,0,7.49,57.76,30.6393617
Unknown,bridgestone,11,2,0,0.1818,0,0,46.33,251.74,101.1591304
Unknown,centek,11,0,2,0,,0.1818,7.7,66.9,20.605
Unknown,continental,11,0,0,0,,0,56.89,292.67,98.84961538
Unknown,delmax,11,0,1,0,,0.0909,32.82,54.57,43.941875
Unknown,kingtul,11,1,1,0.0909,1,0.0909,42.99,55.09,45.89758621
Unknown,makita,11,0,0,0,,0,15.39,1938.94,272.0195455
Unknown,nitto,11,2,0,0.1818,0,0,36.04,109.4,61.23692308
Unknown,respect,11,1,0,0.0909,0,0,49.94,94.98,63.75896552
Unknown,vegas,11,0,0,0,,0,89.06,524.34,256.5845161
accessories.bag,nike,11,0,0,0,,0,23.17,120.72,106.8508333
accessories.bag,peterhof,11,0,0,0,,0,51.46,51.46,51.46
accessories.umbrella,sv,11,0,0,0,,0,411.59,411.59,411.59
apparel.shoes,huter,11,1,0,0.0909,0,0,118.12,322.03,242.5741176
apparel.shoes,microsoft,11,0,1,0,,0.0909,321.73,488.8,417.4638889
apparel.shoes.keds,gopro,11,1,0,0.0909,0,0,277.97,602.31,514.1257692
apparel.shoes.moccasins,sokolov,11,0,0,0,,0,18.02,261.53,97.02352941
apparel.shorts,brw,11,0,0,0,,0,487.5,1165.28,808.8045
apparel.tshirt,maxwell,11,0,0,0,,0,30.21,36.01,33.69
apparel.underwear,sv,11,1,1,0.0909,1,0.0909,560.89,715.85,706.165
appliances.environment.vacuum,delonghi,11,1,1,0.0909,1,0.0909,84.92,386.03,212.8725
appliances.environment.vacuum,dyson,11,0,0,0,,0,373.21,833.74,685.6084211
appliances.kitchen.dishwasher,bosch,11,0,0,0,,0,434.99,771.96,608.4016327
appliances.kitchen.grill,panasonic,11,2,2,0.1818,1,0.1818,25.46,109.37,59.97
appliances.kitchen.hood,dwt,11,0,0,0,,0,19.82,116,62.185625
appliances.kitchen.juicer,samsung,11,0,0,0,,0,94.47,825.69,281.6593548
appliances.kitchen.mixer,polaris,11,1,0,0.0909,0,0,16.96,43.73,36.33714286
appliances.personal.scales,Unknown,11,0,0,0,,0,19.54,193.06,99.33535714
construction.components.faucet,delta,11,0,0,0,,0,99.36,256.38,160.645
construction.tools.drill,baden,11,0,0,0,,0,35.78,69.24,43.501875
construction.tools.drill,dji,11,0,1,0,,0.0909,130.87,2543.46,1204.373462
construction.tools.light,greenway,11,0,0,0,,0,57.14,143.89,89.69666667
construction.tools.light,omron,11,2,1,0.1818,0.5,0.0909,26.77,72.19,45.70911111
construction.tools.light,zte,11,0,0,0,,0,64.33,105.54,76.55
electronics.audio.microphone,hayali,11,0,0,0,,0,72.07,115.83,102.2821053
electronics.audio.music_tools.piano,Unknown,11,0,0,0,,0,2.86,29.58,14.166
electronics.camera.photo,kitfort,11,0,0,0,,0,17.99,108.45,56.79571429
electronics.clocks,longines,11,0,0,0,,0,1369.4,2532.88,2028.071714
electronics.telephone,zlatek,11,1,0,0.0909,0,0,12.84,49.91,44.13285714
furniture.bathroom.bath,polaris,11,1,2,0.0909,2,0.1818,30.86,136.43,45.19612903
furniture.bathroom.bath,scarlett,11,0,0,0,,0,14.16,41.16,24.4422449
furniture.bedroom.bed,domini,11,0,0,0,,0,143.38,368.09,179.4153333
furniture.bedroom.bed,lucente,11,0,0,0,,0,32.43,208.5,79.36076923
furniture.bedroom.blanket,canon,11,0,0,0,,0,308.86,2508.76,981.1792308
furniture.bedroom.blanket,hansa,11,2,1,0.1818,0.5,0.0909,58.95,84.69,61.41210526
furniture.kitchen.chair,barneo,11,0,0,0,,0,32.18,97.81,57.41947368
kids.carriage,Unknown,11,0,0,0,,0,171.95,792.81,562.8142857
kids.dolls,bestoy,11,2,1,0.1818,0.5,0.0909,46.2,72.07,56.57809524
kids.skates,joie,11,0,1,0,,0.0909,109.91,388.68,193.0552941
kids.toys,hp,11,2,0,0.1818,0,0,97.58,800.47,182.3231818
sport.bicycle,harper,11,2,0,0.1818,0,0,2.81,43.73,16.40861111
sport.bicycle,hyperx,11,0,0,0,,0,53.43,342.11,110.8894444
sport.bicycle,nike,11,0,0,0,,0,47.16,136.4,72.13576923
Unknown,babyliss,10,1,0,0.1,0,0,33.44,128.68,55.95833333
Unknown,celestron,10,1,1,0.1,1,0.1,79.8,1505.83,609.5659524
Unknown,dwt,10,1,0,0.1,0,0,27.29,111.07,53.88666667
Unknown,glasman,10,0,0,0,,0,57.9,102.95,89.23434783
Unknown,gross,10,0,0,0,,0,57.26,253.68,243.3421053
Unknown,hankook,10,2,0,0.2,0,0,78.51,177.61,136.8542857
Unknown,kolner,10,0,0,0,,0,26.67,53.8,37.865625
Unknown,kormoran,10,1,1,0.1,1,0.1,41.19,70.79,50.60368421
Unknown,lamart,10,0,0,0,,0,69.47,120.72,72.88666667
Unknown,sports,10,0,0,0,,0,740.02,822.39,759.4011765
Unknown,stanley,10,0,0,0,,0,2.21,463.33,112.2826667
apparel.shirt,nan,10,0,0,0,,0,6.61,13.84,10.9047619
apparel.shoes.ballet_shoes,ibox,10,1,0,0.1,0,0,59.2,74.65,64.813
apparel.shoes.keds,tramontina,10,0,0,0,,0,0.77,91.42,25.24954545
apparel.trousers,defacto,10,1,1,0.1,1,0.1,5.89,16.19,10.16176471
appliances.environment.air_conditioner,almacom,10,1,1,0.1,1,0.1,224.51,818.82,315.6121739
appliances.environment.climate,greyder,10,0,0,0,,0,54.06,79.8,69.31785714
appliances.environment.vacuum,gorenje,10,0,0,0,,0,53.26,95.21,80.06615385
appliances.kitchen.blender,bosch,10,0,0,0,,0,54.03,169.63,121.2527273
appliances.kitchen.dishwasher,beko,10,0,0,0,,0,275.4,460.73,369.9473077
appliances.kitchen.hob,gefest,10,0,0,0,,0,122.27,265.13,176.43
appliances.kitchen.hob,midea,10,0,0,0,,0,85.83,210.47,157.762
appliances.kitchen.kettle,Unknown,10,0,0,0,,0,21.29,773.15,213.76
appliances.kitchen.kettle,bosch,10,0,0,0,,0,59.18,581.74,127.6457143
appliances.kitchen.mixer,kugoo,10,1,1,0.1,1,0.1,327.11,592.04,410.6866667
appliances.kitchen.refrigerators,bosch,10,0,0,0,,0,386.08,1698.63,788.6965625
appliances.personal.massager,asus,10,0,0,0,,0,375.79,1970.21,704.4375
appliances.personal.massager,bosch,10,1,0,0.1,0,0,141.29,455.58,189.9255263
appliances.personal.massager,brw,10,0,0,0,,0,537.21,1206.21,895.8466667
computers.components.cooler,vitek,10,0,0,0,,0,25.71,231.64,69.71684211
computers.peripherals.printer,cantra,10,2,0,0.2,0,0,32.18,145.41,59.06473684
computers.peripherals.printer,delta,10,0,1,0,,0.1,134.11,184.56,168.1240909
construction.tools.light,htc,10,0,0,0,,0,100.36,118.38,105.99125
construction.tools.painting,kronospan,10,0,0,0,,0,14.16,18.53,16.766
construction.tools.saw,p.i.t.,10,1,0,0.1,0,0,56.37,619.01,188.3958065
construction.tools.welding,magnetta,10,1,0,0.1,0,0,100.39,2478.7,253.0015625
electronics.audio.microphone,bosch,10,1,1,0.1,1,0.1,86.76,659.17,150.1020833
electronics.camera.video,Unknown,10,0,0,0,,0,23.42,115.58,53.00928571
electronics.camera.video,maxvi,10,1,0,0.1,0,0,8.24,38.35,14.6485
electronics.camera.video,prestigio,10,2,1,0.2,0.5,0.1,8.67,14.13,9.488125
electronics.tablet,aerocool,10,1,1,0.1,1,0.1,133.39,207.17,177.9928571
furniture.bedroom.bed,bosch,10,2,1,0.2,0.5,0.1,61.22,392.35,178.4454
furniture.bedroom.bed,imperial,10,1,0,0.1,0,0,26.01,332.8,115.6473913
furniture.bedroom.blanket,dauscher,10,0,0,0,,0,7.7,63.81,41.09391304
furniture.bedroom.blanket,philips,10,0,0,0,,0,48.88,120.96,99.62818182
kids.dolls,fancy,10,1,1,0.1,1,0.1,11.49,25.71,16.69391304
kids.skates,mstar,10,0,0,0,,0,82.37,115.58,85.7368
kids.toys,canon,10,0,0,0,,0,118.15,414.27,151.6796552
kids.toys,epson,10,0,1,0,,0.1,118.12,692.01,256.7645833
kids.toys,keenway,10,1,0,0.1,0,0,14.67,14.67,14.67
medicine.tools.tonometer,witerra,10,0,0,0,,0,24.45,54,41.57291667
sport.bicycle,karat,10,0,0,0,,0,6.07,84.17,45.01227273
Unknown,arua,9,0,0,0,,0,8.55,57.66,41.02545455
Unknown,bestway,9,1,0,0.1111,0,0,22.91,1256.18,498.1163158
Unknown,farroad,9,0,0,0,,0,33.98,83.14,47.73818182
Unknown,housefit,9,1,0,0.1111,0,0,203.35,308.89,211.4684615
Unknown,remington,9,0,1,0,,0.1111,33.44,90.45,54.60705882
Unknown,rial,9,0,0,0,,0,339.78,572.51,458.81
accessories.bag,internedoors,9,0,0,0,,0,151.87,221.63,167.5147368
apparel.shirt,molly,9,2,0,0.2222,0,0,4.61,12.02,8.992692308
apparel.shoes,bosch,9,0,0,0,,0,47.08,164.99,108.8435714
apparel.shoes.keds,rieker,9,0,0,0,,0,27.8,82.11,61.97235294
apparel.shoes.moccasins,braun,9,1,2,0.1111,2,0.2222,23.14,674.38,118.7810638
apparel.shoes.sandals,givenchy,9,1,0,0.1111,0,0,77.22,154.44,105.0390909
apparel.tshirt,cityup,9,0,0,0,,0,16.98,16.98,16.98
apparel.underwear,bts,9,0,0,0,,0,390.49,714.3,558.115
apparel.underwear,salamander,9,0,0,0,,0,102.71,163.45,126.9984615
appliances.environment.air_heater,Unknown,9,0,0,0,,0,18.02,154.95,45.2245
appliances.environment.climate,rieker,9,0,0,0,,0,59.2,92.41,70.83363636
appliances.environment.vacuum,polaris,9,0,0,0,,0,38.59,146.68,88.03176471
appliances.kitchen.blender,centek,9,1,0,0.1111,0,0,38.59,72.23,40.19190476
appliances.kitchen.dishwasher,Unknown,9,0,0,0,,0,149.76,489.05,285.7992857
appliances.kitchen.dishwasher,hansa,9,1,0,0.1111,0,0,231.64,463.31,344.6712903
appliances.kitchen.grill,llorens,9,0,0,0,,0,29.32,85.56,57.125
appliances.kitchen.grill,picard,9,1,1,0.1111,1,0.1111,16.73,84.94,55.5996
appliances.kitchen.meat_grinder,Unknown,9,0,0,0,,0,38.35,95.24,63.32444444
appliances.kitchen.meat_grinder,catunltd,9,0,0,0,,0,56.11,99.87,65.48407407
appliances.kitchen.oven,bosch,9,1,1,0.1111,1,0.1111,303.13,1300.95,495.6815385
appliances.kitchen.oven,gefest,9,0,0,0,,0,187.13,445.17,254.2026667
appliances.kitchen.refrigerators,hp,9,0,0,0,,0,309.75,1890.8,647.452
appliances.kitchen.refrigerators,pozis,9,1,1,0.1111,1,0.1111,234.5,394.35,287.745
appliances.kitchen.refrigerators,sv,9,0,0,0,,0,99.87,184.05,117.85
appliances.kitchen.toster,haro,9,0,0,0,,0,205.67,514.56,365.4264706
appliances.kitchen.washer,atlant,9,0,0,0,,0,215.41,257.12,244.2946154
appliances.kitchen.washer,electrolux,9,0,0,0,,0,334.55,1415.71,575.9180769
appliances.personal.massager,msi,9,0,0,0,,0,193.31,705.86,389.8717647
appliances.personal.massager,oasis,9,2,1,0.2222,0.5,0.1111,41.79,122.81,61.28
appliances.sewing_machine,jaguar,9,1,1,0.1111,1,0.1111,73.2,187.88,91.62162162
auto.accessories.compressor,merelani,9,0,0,0,,0,54.57,142.09,109.7586667
computers.components.cooler,dauscher,9,0,0,0,,0,39.62,45.69,44.34111111
computers.desktop,chicco,9,1,0,0.1111,0,0,7.18,86.88,31.22571429
computers.peripherals.printer,hp,9,0,0,0,,0,42.57,558.37,190.8144186
construction.tools.painting,tarkett,9,0,0,0,,0,9.16,24.63,15.78842105
construction.tools.welding,borasco,9,0,0,0,,0,2.42,5.38,3.962727273
construction.tools.welding,karcher,9,0,0,0,,0,74.11,1029.6,265.4607143
country_yard.lawn_mower,defacto,9,0,0,0,,0,23.14,33.44,28.47
electronics.audio.acoustic,Unknown,9,0,0,0,,0,9.19,437.59,137.341875
electronics.audio.acoustic,stagg,9,1,1,0.1111,1,0.1111,77.22,231.67,124.9122222
electronics.audio.subwoofer,kenwood,9,0,0,0,,0,16.73,218.8,121.584
electronics.audio.subwoofer,pride,9,1,1,0.1111,1,0.1111,74.62,321.76,99.15368421
electronics.camera.video,philips,9,0,0,0,,0,25.2,54.05,45.03375
electronics.clocks,swatch,9,0,0,0,,0,29.34,209.27,77.1
electronics.telephone,viewsonic,9,0,0,0,,0,298.37,434.38,318.6941176
electronics.video.tv,sony,9,1,0,0.1111,0,0,60.37,110.66,92.0585
furniture.bedroom.blanket,galaxy,9,0,0,0,,0,11.09,61.75,20.81125
kids.skates,adamex,9,0,0,0,,0,159.59,658.96,327.6988462
kids.skates,volta,9,0,0,0,,0,1029.37,2548.07,2114.155714
kids.toys,baden,9,1,0,0.1111,0,0,33.21,56.37,47.7925
kids.toys,edufun,9,0,0,0,,0,77.2,154.42,136.72375
sport.bicycle,defacto,9,0,0,0,,0,7.7,20.57,11.925
sport.snowboard,sv,9,0,0,0,,0,59.2,167.06,118.0327273
Unknown,babylisspro,8,0,0,0,,0,27.8,191.97,72.684375
Unknown,beko,8,0,0,0,,0,239.36,349.07,321.9011538
Unknown,berlingerhaus,8,0,0,0,,0,39.13,239.9,143.7511538
Unknown,dws,8,0,0,0,,0,257.41,308.89,263.845
Unknown,elenberg,8,2,1,0.25,0.5,0.125,5.12,20.57,10.591875
Unknown,gf,8,0,0,0,,0,543.13,583.03,565.9211765
Unknown,gipfel,8,0,0,0,,0,5.63,218.22,70.49086957
Unknown,lara,8,0,0,0,,0,34.45,50.14,43.864
Unknown,lion,8,1,1,0.125,1,0.125,13.64,25.48,18.5475
Unknown,oma,8,0,0,0,,0,574.02,574.02,574.02
Unknown,remain,8,0,0,0,,0,227.03,227.03,227.03
Unknown,roadstone,8,0,0,0,,0,45.05,118.66,73.56214286
Unknown,roadx,8,0,0,0,,0,32.18,267.7,77.16785714
Unknown,ryobi,8,0,0,0,,0,9.53,71.47,35.56925926
Unknown,transcend,8,1,0,0.125,0,0,4.37,40.81,16.21176471
accessories.bag,can-am,8,0,0,0,,0,36.06,259.31,143.02
accessories.bag,polaris,8,0,0,0,,0,15.42,59.32,34.51083333
apparel.scarf,kingston,8,0,0,0,,0,64.33,141.32,88.361
apparel.scarf,logitech,8,0,1,0,,0.125,25.71,231.63,74.415
apparel.shirt,hunter,8,0,0,0,,0,102.71,107.85,104.2217647
apparel.shoes,dauscher,8,0,0,0,,0,15.42,17.99,17.219
apparel.shoes,ergo,8,0,0,0,,0,85.2,114.55,104.7461538
apparel.shoes,ersport,8,1,0,0.125,0,0,35.39,151.87,106.5722222
apparel.shoes,greyder,8,0,0,0,,0,64.35,102.19,83.94166667
apparel.shoes,sega,8,0,0,0,,0,30.86,61.75,45.66458333
apparel.shoes,sigma,8,0,0,0,,0,28.06,34.75,32.52
apparel.shoes.keds,respect,8,0,0,0,,0,28.06,66.41,40.90454545
apparel.shoes.keds,sjcam,8,0,0,0,,0,58.95,127.39,80.7
apparel.shoes.moccasins,vega,8,0,0,0,,0,11.84,29.86,19.64153846
appliances.environment.air_conditioner,electrolux,8,0,1,0,,0.125,231.64,553.4,274.5413333
appliances.environment.air_conditioner,gree,8,0,1,0,,0.125,154.95,576.49,338.8921429
appliances.environment.climate,Unknown,8,0,0,0,,0,23.68,84.43,53.02454545
appliances.environment.vacuum,centek,8,1,1,0.125,1,0.125,45.56,45.56,45.56
appliances.environment.vacuum,makita,8,0,0,0,,0,58.43,1347.41,696.85
appliances.environment.vacuum,redmond,8,1,3,0.125,3,0.375,78.48,205.67,145.3363158
appliances.kitchen.blender,panasonic,8,0,0,0,,0,59.18,77.2,61.494
appliances.kitchen.grill,bosch,8,1,0,0.125,0,0,43.73,87.49,49.34636364
appliances.kitchen.hob,hansa,8,0,0,0,,0,95.61,334.6,165.8158333
appliances.kitchen.hob,maunfeld,8,0,0,0,,0,128.68,324.31,148.243
appliances.kitchen.meat_grinder,baratto,8,0,0,0,,0,48.65,86.23,57.78666667
appliances.kitchen.mixer,arg,8,0,0,0,,0,11.04,25.71,24.58153846
appliances.kitchen.oven,dauscher,8,0,0,0,,0,51.22,254.81,155.0448
appliances.kitchen.refrigerators,atlantic,8,0,0,0,,0,120.96,320.93,205.685
appliances.kitchen.refrigerators,gigabyte,8,0,0,0,,0,108.35,252.77,154.0505263
appliances.kitchen.toster,racer,8,0,0,0,,0,128.45,215.96,181.5433333
appliances.personal.hair_cutter,philips,8,0,0,0,,0,23.14,69.42,47.72277778
appliances.personal.massager,iiyama,8,0,0,0,,0,119.41,324.82,227.5090909
appliances.personal.massager,shivaki,8,1,0,0.125,0,0,74.62,313.41,183.0746154
appliances.sewing_machine,brother,8,0,0,0,,0,92.64,629.06,310.6665217
computers.peripherals.mouse,deepcool,8,1,0,0.125,0,0,1.67,67.23,15.38142857
computers.peripherals.printer,canon,8,1,1,0.125,1,0.125,154.34,347.47,193.3636
construction.tools.pump,defacto,8,0,0,0,,0,15.42,20.57,17.29272727
construction.tools.saw,stihl,8,1,0,0.125,0,0,128.7,1776.11,547.7615385
construction.tools.welding,polaris,8,0,0,0,,0,17.76,128.68,73.7528
country_yard.lawn_mower,Unknown,8,0,1,0,,0.125,10.01,47.62,30.72642857
electronics.audio.microphone,alteco,8,1,0,0.125,0,0,38.61,66.93,45.45578947
electronics.audio.subwoofer,jvc,8,1,0,0.125,0,0,21.88,69.5,42.388125
electronics.camera.photo,galaxy,8,1,0,0.125,0,0,15.98,42.45,27.57291667
electronics.clocks,armani,8,0,0,0,,0,123.56,406.7,283.6625
electronics.clocks,versace,8,0,0,0,,0,700.6,1524.88,1079.744444
electronics.telephone,cinemood,8,1,1,0.125,1,0.125,308.86,411.83,354.9231579
furniture.bathroom.bath,arg,8,0,0,0,,0,64.07,64.07,64.07
furniture.bathroom.bath,braun,8,3,0,0.375,0,0,45.28,489,155.4022222
furniture.bathroom.bath,lucente,8,0,0,0,,0,13.13,44.02,27.93846154
furniture.bathroom.bath,redmond,8,0,0,0,,0,30.09,56.6,36.28136364
kids.skates,chicco,8,0,0,0,,0,108.45,252.23,157.072
kids.skates,evenflo,8,0,0,0,,0,132.31,360.34,256.3192857
kids.skates,lorelli,8,0,0,0,,0,69.76,335.4,190.0475
kids.skates,skillmax,8,0,0,0,,0,75.94,321.76,134.9388889
kids.toys,mattel,8,0,0,0,,0,5.64,69.47,23.89
kids.toys,poopsie,8,0,0,0,,0,22.63,110.68,62.07846154
kids.toys,vega,8,1,0,0.125,0,0,20.08,38.61,27.82578947
sport.ski,myprotein,8,0,0,0,,0,26.92,42.37,34.65166667
sport.tennis,Unknown,8,0,0,0,,0,2.97,128.7,53.38384615
sport.trainer,aerocool,8,0,0,0,,0,28.92,65.37,41.16411765
sport.trainer,magnetta,8,0,0,0,,0,60.23,78.25,64.10875
Unknown,castrol,7,0,0,0,,0,21.88,46.59,31.90714286
Unknown,flama,7,0,0,0,,0,67.96,169.37,135.0511111
Unknown,hottek,7,0,0,0,,0,8.46,83.37,62.695
Unknown,kitfort,7,0,0,0,,0,51.46,252.23,170.6771429
Unknown,luminarc,7,0,0,0,,0,11.56,40.03,16.386875
Unknown,mercury,7,0,0,0,,0,582.25,2573.81,1558.868947
Unknown,ombra,7,0,0,0,,0,173,332.13,295.2228571
Unknown,onlitop,7,0,0,0,,0,40.04,85.46,58.82375
Unknown,partner,7,0,0,0,,0,66.28,119.69,104.6357143
Unknown,samsung,7,0,0,0,,0,12.87,477.96,107.5347619
Unknown,timberk,7,0,0,0,,0,43.73,43.89,43.74230769
accessories.bag,rieker,7,0,0,0,,0,24.2,48.39,35.26444444
accessories.bag,tefal,7,1,0,0.1429,0,0,17.66,50.17,38.54888889
accessories.wallet,incar,7,0,0,0,,0,105.54,238.1,177.8454545
apparel.costume,gamma,7,0,1,0,,0.1429,37.35,37.35,37.35
apparel.costume,sony,7,0,0,0,,0,179.9,643.49,257.2815385
apparel.scarf,defacto,7,0,0,0,,0,3.84,23.14,16.56807692
apparel.shirt,nutrilon,7,0,0,0,,0,9.03,19.43,13.18272727
apparel.shoes,alteco,7,1,0,0.1429,0,0,12.9,98.25,34.424
apparel.shoes,apollo,7,1,0,0.1429,0,0,4.09,37.54,13.28470588
apparel.shoes,fissman,7,0,0,0,,0,15.32,81.98,54.95636364
apparel.shoes,honor,7,0,0,0,,0,30.61,51.46,46.99214286
apparel.shoes,lorelli,7,1,0,0.1429,0,0,53.03,84.17,69.14818182
apparel.shoes.keds,lamart,7,0,0,0,,0,17.4,31.4,27.58181818
apparel.shoes.keds,moulinex,7,0,0,0,,0,72.05,244.51,155.4764706
apparel.shoes.keds,panasonic,7,0,0,0,,0,134,2465.87,1498.5325
apparel.shoes.keds,teknum,7,0,1,0,,0.1429,79.33,84.94,81.82333333
apparel.shoes.keds,toro,7,0,0,0,,0,11.56,17.99,15.111
apparel.shoes.moccasins,jade,7,0,0,0,,0,252.26,980.21,434.56625
apparel.shoes.moccasins,philips,7,1,1,0.1429,1,0.1429,12.02,66.9,44.67285714
apparel.shorts,sony,7,1,0,0.1429,0,0,63.86,82.11,68.12375
apparel.skirt,defacto,7,0,1,0,,0.1429,12.84,30.86,25.30473684
apparel.trousers,nika,7,0,0,0,,0,36.31,90.07,52.31
apparel.underwear,veston,7,0,0,0,,0,36.04,38.61,38.26733333
appliances.environment.air_conditioner,lg,7,0,0,0,,0,370.64,1269.02,675.2106667
appliances.environment.air_heater,asrock,7,1,1,0.1429,1,0.1429,110.76,484.24,258.3684615
appliances.environment.air_heater,elenberg,7,2,0,0.2857,0,0,7.7,48.88,33.32304348
appliances.environment.air_heater,sapphire,7,0,0,0,,0,96.53,568.35,374.392
appliances.environment.climate,etor,7,0,0,0,,0,100.39,100.39,100.39
appliances.environment.vacuum,artel,7,0,0,0,,0,51.2,72.51,64.915
appliances.kitchen.blender,philips,7,0,0,0,,0,54.03,154.42,67.19411765
appliances.kitchen.grill,texet,7,2,0,0.2857,0,0,17.16,21.49,17.66913043
appliances.kitchen.juicer,seagate,7,0,0,0,,0,40.52,138.71,72.30307692
appliances.kitchen.juicer,transcend,7,0,0,0,,0,25.6,111.97,50.88185185
appliances.kitchen.kettle,vinzer,7,0,0,0,,0,80.7,95.21,93.13714286
appliances.kitchen.mixer,Unknown,7,0,0,0,,0,25.71,398.98,62.6175
appliances.kitchen.mixer,dauscher,7,1,1,0.1429,1,0.1429,11.02,17.99,16.5925
appliances.kitchen.refrigerators,apple,7,0,0,0,,0,1003.86,2419.37,1525.518889
appliances.kitchen.toster,lorelli,7,0,0,0,,0,115.06,140.54,126.9673333
appliances.kitchen.toster,trek,7,0,0,0,,0,292.67,554.71,396.4772727
appliances.personal.hair_cutter,polaris,7,0,1,0,,0.1429,11.4,35.73,20.73071429
appliances.personal.hair_cutter,vitek,7,0,0,0,,0,12.84,33.44,22.52652174
appliances.personal.massager,ergo,7,0,0,0,,0,128.45,460.5,265.6461538
appliances.personal.massager,hansa,7,0,1,0,,0.1429,60.41,283.12,102.1079487
appliances.personal.massager,harper,7,0,0,0,,0,113.72,233.26,192.666
appliances.personal.massager,panasonic,7,0,0,0,,0,119.57,553.17,338.5490909
appliances.personal.massager,polini,7,0,0,0,,0,334.6,334.6,334.6
appliances.personal.massager,toshiba,7,1,0,0.1429,0,0,54.03,501.92,317.425
appliances.sewing_machine,chayka,7,0,0,0,,0,92.41,177.66,119.3392308
computers.components.cooler,moulinex,7,0,0,0,,0,72.05,156.99,87.49266667
computers.desktop,huanger,7,1,0,0.1429,0,0,25.48,25.48,25.48
computers.desktop,sv,7,0,0,0,,0,102.71,191.25,159.5925
computers.desktop,xiaomi,7,0,0,0,,0,20.64,49.29,38.03785714
computers.ebooks,amazon,7,0,0,0,,0,143.07,451.96,278.0393333
computers.peripherals.mouse,aerocool,7,0,0,0,,0,2.55,35.2,13.74166667
computers.peripherals.mouse,nikon,7,0,0,0,,0,103.73,1910.78,660.5364286
computers.peripherals.printer,defacto,7,0,0,0,,0,28.06,28.06,28.06
construction.components.faucet,efremov,7,0,0,0,,0,85.97,191,124.8823077
construction.tools.generator,berghoff,7,0,0,0,,0,12.84,76.42,51.292
construction.tools.light,gezatone,7,0,0,0,,0,6.18,110.68,57.88789474
construction.tools.light,masstone,7,2,1,0.2857,0.5,0.1429,14.93,30.37,21.81130435
construction.tools.light,norfin,7,0,0,0,,0,128.68,386.08,291.16375
construction.tools.saw,huter,7,0,0,0,,0,50.59,105.25,82.05941176
construction.tools.saw,makita,7,0,0,0,,0,234.5,969.01,693.0786957
construction.tools.welding,philips,7,0,0,0,,0,51.46,257.12,90.69166667
construction.tools.welding,tefal,7,1,0,0.1429,0,0,90.07,257.12,155.4836364
electronics.audio.subwoofer,alphard,7,0,0,0,,0,45.05,110.68,83.225
electronics.audio.subwoofer,sony,7,0,0,0,,0,45.52,77.2,55.363
electronics.camera.photo,carters,7,0,0,0,,0,24.32,40.16,32.825
electronics.camera.photo,gorenje,7,0,0,0,,0,17.99,61.75,46.72866667
electronics.camera.photo,polaris,7,0,0,0,,0,17.22,77.14,32.17
electronics.camera.photo,vitek,7,0,0,0,,0,23.14,51.46,32.8995
electronics.clocks,otan,7,0,0,0,,0,424.72,836.57,761.6881818
electronics.telephone,Unknown,7,0,0,0,,0,19.28,763.88,143.3205882
furniture.bathroom.bath,fujifilm,7,0,1,0,,0.1429,117.88,283.83,199.8592857
furniture.bathroom.bath,puma,7,0,0,0,,0,94.98,94.98,94.98
furniture.bathroom.toilet,Unknown,7,1,0,0.1429,0,0,32.59,1969.42,206.2225
furniture.bedroom.bed,akom,7,2,1,0.2857,0.5,0.1429,41.06,82.37,71.43047619
furniture.bedroom.bed,volta,7,1,1,0.1429,1,0.1429,38.87,50.71,46.76333333
furniture.bedroom.blanket,ava,7,0,0,0,,0,50.73,65.5,62.0175
furniture.bedroom.blanket,braun,7,0,0,0,,0,25.71,360.34,112.4338095
furniture.bedroom.blanket,scarlett,7,0,0,0,,0,10.04,105.71,46.165
furniture.kitchen.chair,samsung,7,2,0,0.2857,0,0,20.31,20.31,20.31
furniture.kitchen.table,asus,7,0,0,0,,0,17.9,146.46,55.02411765
furniture.kitchen.table,beeline,7,1,0,0.1429,0,0,34.72,34.72,34.72
furniture.kitchen.table,logitech,7,0,0,0,,0,32.92,95.21,58.17916667
kids.dolls,gulliver,7,0,0,0,,0,8.47,30.12,16.76142857
kids.fmcg.diapers,Unknown,7,1,0,0.1429,0,0,2.66,54.05,24.5275
kids.fmcg.diapers,greenway,7,0,0,0,,0,25.74,66.67,44.17
kids.skates,cybex,7,0,0,0,,0,324.36,2574.04,1218.05
kids.swing,elenberg,7,1,0,0.1429,0,0,10.27,12.84,10.69833333
kids.swing,scarlett,7,0,0,0,,0,7.7,15.42,9.46625
kids.toys,efremov,7,1,0,0.1429,0,0,36.29,37.32,36.69785714
kids.toys,rieker,7,0,0,0,,0,64.09,89.84,76.63909091
kids.toys,trollbeads,7,0,0,0,,0,93.36,228.83,179.11
kids.toys,tuffoni,7,0,0,0,,0,91.89,91.89,91.89
sport.ski,kitfort,7,0,1,0,,0.1429,61.75,347.47,165.135
sport.ski,scarlett,7,1,0,0.1429,0,0,35.78,41.16,36.52947368
sport.trainer,apache,7,0,0,0,,0,189.85,999.21,406.1172727
sport.trainer,housefit,7,0,0,0,,0,183.53,250.2,205.7533333
sport.trainer,riviera,7,1,0,0.1429,0,0,441.61,575,491.559375
sport.trainer,stanley,7,0,0,0,,0,10.94,380.32,80.30714286
Unknown,aoteli,6,1,0,0.1667,0,0,36.55,59.72,47.85272727
Unknown,askona,6,0,0,0,,0,100.13,1554.82,286.7245455
Unknown,berghoff,6,0,0,0,,0,10.79,274.37,171.7833333
Unknown,bohemia,6,0,0,0,,0,276.13,791.68,378.5764286
Unknown,erlit,6,0,0,0,,0,150.14,411.71,255.7055556
Unknown,granhel,6,1,1,0.1667,1,0.1667,184.56,184.56,184.56
Unknown,hilo,6,1,0,0.1667,0,0,33.46,66.93,46.23
Unknown,hobot,6,0,0,0,,0,333.34,472.34,388.7333333
Unknown,mobil,6,1,0,0.1667,0,0,14.67,57.92,38.05692308
Unknown,moulinex,6,0,0,0,,0,83.63,656.36,369.1505263
Unknown,myprotein,6,0,0,0,,0,29.52,78.43,60.83666667
Unknown,outventure,6,0,0,0,,0,171.78,259.3,205.8775
Unknown,sencor,6,0,0,0,,0,174.01,357.62,334.84125
Unknown,sofit,6,0,0,0,,0,77.2,77.2,77.2
Unknown,sokany,6,0,0,0,,0,15.83,20.59,18.21
Unknown,sonel,6,0,0,0,,0,90.09,166.8,140.99625
Unknown,stayer,6,0,0,0,,0,16.75,103.43,41.955
Unknown,svc,6,0,1,0,,0.1667,26.58,113.07,44.45230769
Unknown,vinzer,6,0,0,0,,0,80.7,252.23,156.0563636
Unknown,wellberg,6,0,0,0,,0,32.33,32.33,32.33
accessories.bag,remonte,6,0,0,0,,0,35.78,40.93,39.52545455
apparel.costume,dewalt,6,1,0,0.1667,0,0,0.77,738.76,238.22
apparel.costume,enough,6,0,0,0,,0,4.76,4.76,4.76
apparel.costume,magnetta,6,2,2,0.3333,1,0.3333,96.91,500.4,150.752439
apparel.costume,stanley,6,0,0,0,,0,7.34,91.12,56.69375
apparel.jeans,Unknown,6,0,0,0,,0,14.8,76.54,31.0552381
apparel.jeans,leatherman,6,0,0,0,,0,44.74,183.71,138.695
apparel.jumper,defacto,6,0,0,0,,0,3.84,7.7,4.61
apparel.scarf,bburago,6,1,0,0.1667,0,0,6.41,18.53,11.46
apparel.scarf,jaguar,6,1,0,0.1667,0,0,161.18,180.13,172.916
apparel.scarf,rastar,6,0,0,0,,0,3.36,36.01,6.801
apparel.shoes,caprice,6,0,0,0,,0,41.19,130.51,102.6605882
apparel.shoes,etor,6,0,0,0,,0,92.67,100.39,95.565
apparel.shoes,ga-de,6,0,0,0,,0,14.39,24.15,20.35
apparel.shoes,hyundai,6,0,0,0,,0,143.76,442.74,337.6568421
apparel.shoes,kapous,6,0,0,0,,0,11.45,11.45,11.45
apparel.shoes,maribel,6,0,0,0,,0,82.37,97.77,94.88055556
apparel.shoes,nika,6,2,0,0.3333,0,0,12.35,64.33,17.14684211
apparel.shoes,nintendo,6,0,0,0,,0,334.37,386.08,352.8871429
apparel.shoes,ritmix,6,0,0,0,,0,13.39,13.39,13.39
apparel.shoes,tamaris,6,0,0,0,,0,13.9,89.84,72.89166667
apparel.shoes,tomahawk,6,0,0,0,,0,40.16,97.81,88.20166667
apparel.shoes.ballet_shoes,lux,6,0,0,0,,0,283.15,339.13,289.2454545
apparel.shoes.moccasins,aiko,6,1,0,0.1667,0,0,49.16,188.63,79.28916667
apparel.shoes.moccasins,milavitsa,6,0,0,0,,0,11.42,18.56,15.28909091
apparel.shoes.moccasins,panasonic,6,0,0,0,,0,56.6,128.68,85.34633333
apparel.shoes.sandals,denso,6,1,0,0.1667,0,0,1.8,11.58,4.72875
apparel.shoes.slipons,hyperx,6,0,0,0,,0,58.16,117.12,110.45
apparel.shorts,defender,6,0,0,0,,0,4.09,62.29,32.72428571
apparel.underwear,baden,6,0,0,0,,0,44.79,62.81,54.65888889
apparel.underwear,roland,6,0,0,0,,0,391.86,852.02,531.796
appliances.environment.air_conditioner,tcl,6,0,0,0,,0,205.15,415.32,290.531875
appliances.environment.climate,rooman,6,0,0,0,,0,41.19,48.39,46.33285714
appliances.environment.vacuum,maxwell,6,0,0,0,,0,64.33,64.33,64.33
appliances.kitchen.blender,maxwell,6,1,0,0.1667,0,0,20.59,29.32,24.664
appliances.kitchen.blender,moulinex,6,0,0,0,,0,51.46,128.68,91.49777778
appliances.kitchen.dishwasher,midea,6,0,0,0,,0,239.2,321.73,266.71
appliances.kitchen.grill,barbie,6,1,0,0.1667,0,0,9.9,90.07,20.96375
appliances.kitchen.grill,philips,6,0,0,0,,0,36.01,245.71,87.78208333
appliances.kitchen.hood,ivt,6,0,0,0,,0,34.62,48.16,37.27
appliances.kitchen.hood,kolner,6,0,0,0,,0,19.24,47.67,27.63933333
appliances.kitchen.meat_grinder,rieker,6,0,0,0,,0,47.36,88.81,74.55636364
appliances.kitchen.mixer,kitchenaid,6,0,0,0,,0,697.17,939.75,789.17
appliances.kitchen.mixer,minimotors,6,0,0,0,,0,1466.96,2292.09,2111.43
appliances.kitchen.oven,elenberg,6,0,0,0,,0,41.16,128.68,112.8917647
appliances.kitchen.oven,luxell,6,0,0,0,,0,40.64,200.29,113.3885714
appliances.kitchen.oven,redmond,6,0,0,0,,0,102.94,180.16,136.9436842
appliances.kitchen.refrigerators,alser,6,0,0,0,,0,450.44,746.45,534.8088889
appliances.kitchen.refrigerators,avalon,6,0,0,0,,0,339.75,642.74,572.082
appliances.kitchen.refrigerators,neo,6,0,0,0,,0,643.49,1389.97,886.993
appliances.kitchen.refrigerators,skyworth,6,0,0,0,,0,120.68,643.26,568.6057143
appliances.kitchen.toster,defender,6,0,0,0,,0,5.11,5.11,5.11
appliances.kitchen.toster,scott,6,0,0,0,,0,236.81,2391.31,625.1425
appliances.kitchen.washer,dauscher,6,0,0,0,,0,231.61,489.02,282.8935714
appliances.personal.hair_cutter,Unknown,6,1,1,0.1667,1,0.1667,1.67,53.54,10.61142857
appliances.personal.massager,aoc,6,0,0,0,,0,81.98,385.85,209.327
appliances.personal.massager,dauscher,6,0,0,0,,0,95.21,180.16,125.538
appliances.personal.massager,horizont,6,0,0,0,,0,97.79,489.05,204.3161538
appliances.personal.massager,nika,6,1,0,0.1667,0,0,20.59,48.88,26.47916667
appliances.personal.massager,turbo,6,0,0,0,,0,51.46,102.94,55.75
appliances.sewing_machine,bernina,6,0,0,0,,0,231.95,1799.27,868.4990909
auto.accessories.radar,trust,6,0,1,0,,0.1667,4.86,136.16,50.13272727
auto.accessories.videoregister,ersport,6,0,0,0,,0,666.68,666.68,666.68
computers.components.cooler,maxwell,6,1,0,0.1667,0,0,23.14,23.14,23.14
computers.components.cooler,philips,6,0,0,0,,0,102.94,1261.27,583.3622222
computers.components.cooler,tefal,6,0,0,0,,0,118.38,133.83,131.4530769
computers.components.power_supply,sven,6,1,0,0.1667,0,0,7.7,82.09,39.65454545
computers.components.videocards,defacto,6,0,0,0,,0,6.41,23.14,11.06307692
computers.desktop,cubicfun,6,0,0,0,,0,12.35,27.36,14.23
computers.desktop,respect,6,0,0,0,,0,19.31,53.8,43.16
computers.ebooks,ritmix,6,0,0,0,,0,80.02,89.81,86.25
computers.notebook,asus,6,1,0,0.1667,0,0,360.11,2566.3,1130.9775
computers.notebook,hp,6,0,0,0,,0,318.18,1407.76,893.40125
computers.notebook,vegas,6,0,0,0,,0,27.54,68.47,46.64928571
computers.peripherals.printer,epson,6,0,0,0,,0,174.75,401.3,229.0907692
construction.components.faucet,aquamarine,6,0,0,0,,0,11.84,43.76,20.39
construction.components.faucet,imperial,6,0,0,0,,0,236.64,827.48,521.7775
construction.tools.drill,restime,6,1,0,0.1667,0,0,38.35,38.35,38.35
construction.tools.generator,kukmara,6,0,0,0,,0,18.4,75.55,41.86566667
construction.tools.light,bosch,6,0,0,0,,0,79.77,1164.12,295.6752941
construction.tools.light,crown,6,0,0,0,,0,48.36,437.59,114.0205882
construction.tools.light,lg,6,0,1,0,,0.1667,134.29,204.64,198.7775
construction.tools.light,makita,6,0,0,0,,0,168.37,1049.82,639.4571429
construction.tools.painting,Unknown,6,0,0,0,,0,3.6,4.2,3.942857143
construction.tools.screw,Unknown,6,0,0,0,,0,20.34,51.22,35.4575
construction.tools.welding,eurolux,6,0,0,0,,0,53.54,94.21,61.674
construction.tools.welding,nillkin,6,0,0,0,,0,2.57,11.56,4.8175
country_yard.cultivator,apple,6,0,1,0,,0.1667,12.33,25.71,14.63769231
country_yard.cultivator,nike,6,0,0,0,,0,43.06,94.98,53.909
electronics.audio.acoustic,bosch,6,0,1,0,,0.1667,47.11,110.81,91.98166667
electronics.audio.subwoofer,phantom,6,0,0,0,,0,14.93,21.88,16.18
electronics.camera.video,inoi,6,0,0,0,,0,15.01,38.61,28.60636364
electronics.clocks,aqua,6,0,2,0,,0.3333,25.46,54.03,30.41181818
electronics.clocks,artel,6,0,0,0,,0,64.25,96.37,77.45941176
electronics.clocks,silverlit,6,0,0,0,,0,26.51,89.06,70.18846154
electronics.clocks,thermex,6,2,2,0.3333,1,0.3333,60.36,105.28,97.73041667
electronics.smartphone,nokia,6,0,0,0,,0,72.28,221.37,131.9375
electronics.telephone,epson,6,0,0,0,,0,406.42,1254.86,677.2442105
electronics.telephone,milavitsa,6,0,0,0,,0,12.5,35.22,25.1536
furniture.bathroom.bath,myprotein,6,0,0,0,,0,100.22,138.83,119.525
furniture.bedroom.bed,efremov,6,0,0,0,,0,107.85,212.62,137.1325
furniture.kitchen.table,d-link,6,1,0,0.1667,0,0,12.87,42.81,24.372
furniture.kitchen.table,omabelle,6,0,0,0,,0,1106.85,2522.59,1873.552857
furniture.kitchen.table,xiaomi,6,0,0,0,,0,10.27,34.82,16.96916667
furniture.living_room.cabinet,janome,6,0,0,0,,0,1280.83,1280.83,1280.83
furniture.living_room.cabinet,x-game,6,0,0,0,,0,1.52,3.78,3.134285714
furniture.living_room.chair,bauer,6,0,0,0,,0,8.55,30.09,24.54857143
furniture.living_room.sofa,silva,6,0,0,0,,0,374.78,374.78,374.78
furniture.universal.light,lavr,6,0,0,0,,0,11.56,11.56,11.56
kids.carriage,fisher,6,1,0,0.1667,0,0,184.05,338.23,265.2875
kids.dolls,brw,6,0,0,0,,0,67.7,137.97,104.584
kids.skates,rant,6,0,0,0,,0,41.16,128.68,107.0306977
kids.toys,fila,6,0,0,0,,0,100.36,114.52,105.94
kids.toys,hb,6,0,0,0,,0,36.01,43.73,36.782
kids.toys,silverlit,6,0,0,0,,0,29.6,99,80.37166667
medicine.tools.tonometer,dda,6,0,0,0,,0,28.57,40.54,39.5425
sport.bicycle,balta,6,0,0,0,,0,39.64,146.93,87.62777778
sport.ski,hp,6,1,0,0.1667,0,0,12.84,45.56,32.18230769
sport.ski,lenovo,6,0,0,0,,0,9.99,51.22,21.015
sport.ski,nike,6,0,0,0,,0,55.39,120.72,80.43444444
sport.ski,rivacase,6,0,0,0,,0,8.6,33.18,22.91263158
sport.trainer,thermaltake,6,0,0,0,,0,55.39,266.73,95.17411765
Unknown,altenzo,5,0,0,0,,0,38.35,119.69,72.47714286
Unknown,apacer,5,0,0,0,,0,4.86,16.45,9.319
Unknown,aplus,5,0,0,0,,0,43.24,132.05,69.806
Unknown,bene,5,0,0,0,,0,9.89,11.54,10.21076923
Unknown,bovidix,5,0,0,0,,0,23.04,86.23,48.316
Unknown,braun,5,0,0,0,,0,64.33,238.08,113.749
Unknown,caramelia,5,0,0,0,,0,21.85,49.91,34.96545455
Unknown,carver,5,0,0,0,,0,146.21,283.15,169.0333333
Unknown,cavaletto,5,0,0,0,,0,143.89,146.46,144.5909091
Unknown,dunlop,5,0,0,0,,0,51.48,218.8,118.68
Unknown,forcekraft,5,0,0,0,,0,83.66,96.53,89.17571429
Unknown,forward,5,1,0,0.2,0,0,39.9,414.43,105.0585714
Unknown,homy,5,0,0,0,,0,30.37,30.37,30.37
Unknown,huter,5,0,0,0,,0,152.62,559.83,343.9576923
Unknown,karcher,5,0,0,0,,0,74.11,74.11,74.11
Unknown,p.i.t.,5,0,0,0,,0,28.65,147.48,76.5125
Unknown,romana,5,0,0,0,,0,119.69,241.96,162.68
Unknown,seanovo,5,0,0,0,,0,688.82,1129.76,940.7857143
Unknown,shell,5,0,0,0,,0,17.76,32.17,25.38818182
Unknown,shua,5,0,0,0,,0,2007.77,2007.77,2007.77
Unknown,sunfull,5,1,1,0.2,1,0.2,31.4,50.97,46.11
Unknown,tognana,5,0,0,0,,0,74.65,115.32,108.5416667
Unknown,tramontina,5,0,0,0,,0,1.94,22.05,12.51571429
Unknown,x-race,5,0,0,0,,0,200.26,200.78,200.468
accessories.bag,stahlberg,5,0,0,0,,0,82.85,82.85,82.85
accessories.umbrella,fabretti,5,0,0,0,,0,17.76,17.76,17.76
accessories.wallet,anytek,5,0,0,0,,0,79.8,100.39,87.71923077
accessories.wallet,prestigio,5,0,0,0,,0,26.74,26.74,26.74
apparel.costume,wacom,5,0,0,0,,0,85.89,2059,1019.264
apparel.glove,carfashion,5,0,0,0,,0,5.79,13.64,8.578333333
apparel.glove,xiaomi,5,0,0,0,,0,22.03,22.03,22.03
apparel.scarf,cars,5,0,0,0,,0,6.92,6.92,6.92
apparel.scarf,defender,5,0,0,0,,0,4.09,26.67,16.71666667
apparel.scarf,x-game,5,1,0,0.2,0,0,4.47,9.24,6.22
apparel.shirt,herlitz,5,0,0,0,,0,129.74,164.97,136.2085714
apparel.shirt,kabrita,5,0,0,0,,0,22.11,39.2,30.70909091
apparel.shirt,kartal,5,0,0,0,,0,27.03,37.58,31.598
apparel.shoes,bambini,5,0,0,0,,0,56.93,117.48,74.80285714
apparel.shoes,canyon,5,0,0,0,,0,18.51,20.57,19.25909091
apparel.shoes,covani,5,0,0,0,,0,84.69,119.69,98.95571429
apparel.shoes,dam,5,0,0,0,,0,44.11,91.75,61.28333333
apparel.shoes,kumfo,5,0,0,0,,0,49.94,62.81,55.45571429
apparel.shoes,pasabahce,5,0,1,0,,0.2,5.89,6.41,6.085
apparel.shoes,pituso,5,0,0,0,,0,70.27,146.72,94.51833333
apparel.shoes,polaris,5,1,0,0.2,0,0,10.27,45.79,30.03285714
apparel.shoes,shimano,5,0,0,0,,0,67.03,272.83,111.9811111
apparel.shoes.keds,berghoff,5,1,1,0.2,1,0.2,29.58,303.71,163.7081818
apparel.shoes.keds,bosch,5,0,0,0,,0,115.81,283.12,200.3675
apparel.shoes.keds,peg-perego,5,1,1,0.2,1,0.2,157.02,308.36,278.092
apparel.shoes.keds,redmond,5,0,0,0,,0,54.03,207.83,71.61363636
apparel.shoes.keds,scarlett,5,0,0,0,,0,43.16,69.47,53.391875
apparel.shoes.keds,xiaomi,5,0,0,0,,0,106.03,336.17,219.8842857
apparel.shoes.moccasins,lucente,5,0,1,0,,0.2,177.87,177.87,177.87
apparel.shoes.sandals,bulgari,5,0,0,0,,0,54.19,71.75,61.624
apparel.shoes.sandals,lacoste,5,0,0,0,,0,37.22,55.6,48.47
apparel.shoes.slipons,microsoft,5,0,0,0,,0,900.67,1209.55,1042.24
apparel.shoes.slipons,msi,5,0,0,0,,0,56.29,130.91,94.06818182
apparel.trousers,tamina,5,0,0,0,,0,308.89,746.48,452.3014286
apparel.tshirt,almacom,5,0,0,0,,0,29.6,104.57,62.56866667
apparel.underwear,akai,5,0,1,0,,0.2,79.23,146.62,109.78375
apparel.underwear,cavaletto,5,0,0,0,,0,41.16,163.97,115.6414286
apparel.underwear,medeli,5,0,0,0,,0,239.39,807.49,335.7883333
appliances.environment.air_heater,powercolor,5,0,0,0,,0,110.94,212.62,199.91
appliances.environment.vacuum,elari,5,0,0,0,,0,180.16,257.38,234.214
appliances.environment.vacuum,mersco,5,0,0,0,,0,82.31,82.31,82.31
appliances.environment.vacuum,midea,5,0,1,0,,0.2,41.16,119.5,61.20357143
appliances.kitchen.dishwasher,hotpoint-ariston,5,0,0,0,,0,360.34,507.07,468.668
appliances.kitchen.fryer,carfashion,5,0,0,0,,0,11.58,41.19,29.807
appliances.kitchen.grill,lol,5,0,0,0,,0,24.71,115.83,47.49
appliances.kitchen.hob,dauscher,5,0,0,0,,0,126.1,185.31,162.1425
appliances.kitchen.hood,p.i.t.,5,0,0,0,,0,20.18,68.73,34.51454545
appliances.kitchen.juicer,geil,5,0,0,0,,0,14.65,77.31,27.3725
appliances.kitchen.kettle,bohemia,5,0,0,0,,0,13.95,298.93,74.81
appliances.kitchen.kettle,tramontina,5,0,0,0,,0,0.8,12.09,5.942
appliances.kitchen.meat_grinder,rooman,5,0,0,0,,0,40.93,53.8,51.226
appliances.kitchen.mixer,panasonic,5,0,0,0,,0,28.38,46.31,41.18714286
appliances.kitchen.oven,hansa,5,0,0,0,,0,257.38,411.57,341.5957143
appliances.kitchen.oven,samsung,5,0,0,0,,0,360.34,540.53,424.6957143
appliances.kitchen.refrigerators,barneo,5,0,0,0,,0,103.22,149.81,123.64
appliances.kitchen.refrigerators,elenberg,5,0,0,0,,0,82.34,149.27,111.0242857
appliances.kitchen.refrigerators,whirlpool,5,0,0,0,,0,487.25,783.14,647.7223077
appliances.kitchen.toster,behringer,5,1,0,0.2,0,0,266.93,508.38,336.83
appliances.kitchen.toster,bhawk,5,0,0,0,,0,174.26,194.86,181.1266667
appliances.kitchen.toster,merida,5,0,0,0,,0,409.28,580.45,487.7875
appliances.kitchen.toster,smartrike,5,0,0,0,,0,61.01,227.81,178.9914286
appliances.kitchen.toster,torrent,5,0,0,0,,0,65.24,188.65,87.67818182
appliances.kitchen.toster,x-game,5,0,0,0,,0,141.52,205.9,180.148
appliances.kitchen.toster,xiaomi,5,0,0,0,,0,35.78,627.18,326.9636364
appliances.kitchen.toster,yamaha,5,0,0,0,,0,71.92,342.21,159.143
appliances.kitchen.washer,shivaki,5,0,0,0,,0,61.61,152.09,97.29333333
appliances.personal.hair_cutter,arg,5,0,1,0,,0.2,12.84,12.84,12.84
appliances.personal.hair_cutter,scarlett,5,0,0,0,,0,9.61,20.57,15.0325
appliances.personal.massager,dell,5,0,0,0,,0,93.95,532.06,330.7518182
appliances.personal.massager,turboair,5,0,0,0,,0,46.31,46.31,46.31
appliances.sewing_machine,jack,5,0,0,0,,0,311.46,311.46,311.46
auto.accessories.compressor,sony,5,0,0,0,,0,51.46,388.32,121.7075
auto.accessories.parktronic,Unknown,5,0,0,0,,0,9.83,15.38,10.88666667
auto.accessories.parktronic,rapala,5,0,0,0,,0,78.51,116.3,86.90777778
auto.accessories.winch,Unknown,5,0,0,0,,0,7.46,32.95,12.97555556
computers.components.videocards,biomecanics,5,0,0,0,,0,24.45,70.79,59.36
computers.components.videocards,pablosky,5,0,0,0,,0,62.81,72.85,69.94428571
computers.desktop,dahua,5,0,0,0,,0,12.87,262.55,79.06785714
computers.ebooks,novline,5,0,1,0,,0.2,22.65,48.65,37.21222222
computers.notebook,askona,5,0,0,0,,0,17.76,365.19,153.343125
computers.notebook,belashoff,5,1,2,0.2,2,0.4,15.44,64.35,20.35666667
computers.peripherals.mouse,levenhuk,5,0,0,0,,0,26.76,342.89,105.5042857
computers.peripherals.mouse,thermaltake,5,0,0,0,,0,7.7,466.81,166.27
computers.peripherals.printer,imperial,5,0,0,0,,0,191.57,2112.01,659.7705263
computers.peripherals.printer,vega,5,0,0,0,,0,9.27,55.6,29.12285714
construction.components.faucet,merelani,5,0,0,0,,0,19.31,71.82,43.33
construction.tools.drill,ascot,5,0,0,0,,0,74.65,74.65,74.65
construction.tools.drill,reebok,5,0,0,0,,0,118.15,118.15,118.15
construction.tools.drill,swat,5,0,0,0,,0,54.26,61.78,60.52666667
construction.tools.generator,lara,5,0,0,0,,0,24.9,32.06,26.94571429
construction.tools.generator,tamina,5,1,0,0.2,0,0,12.84,424.72,95.216
construction.tools.light,dewalt,5,0,0,0,,0,126.14,1202.67,293.3545833
construction.tools.light,gionee,5,0,0,0,,0,74.39,123.3,105.8321429
construction.tools.light,irbis,5,0,0,0,,0,35.64,74.64,55.362
construction.tools.light,jinga,5,0,0,0,,0,48.85,71.88,59.89714286
construction.tools.light,outventure,5,0,0,0,,0,83.56,310.08,180.08625
construction.tools.light,umi,5,0,0,0,,0,643.33,643.47,643.4318182
construction.tools.saw,philips,5,1,0,0.2,0,0,45.65,353.04,113.9506667
construction.tools.screw,defacto,5,0,0,0,,0,5.12,10.27,6.899090909
construction.tools.welding,edon,5,1,0,0.2,0,0,54.57,84.94,67.79538462
construction.tools.welding,jasic,5,0,0,0,,0,177.19,2159.22,779.04
construction.tools.welding,p.i.t.,5,1,0,0.2,0,0,25.84,241.6,151.2871429
country_yard.furniture.hammok,sony,5,0,1,0,,0.2,19.28,46.05,28.9225
electronics.audio.acoustic,fender,5,0,0,0,,0,119.69,424.72,203.98
electronics.audio.headphone,Unknown,5,0,0,0,,0,66.41,2501.48,536.861
electronics.audio.microphone,dewalt,5,0,0,0,,0,141.57,797.12,338.5882143
electronics.audio.microphone,total,5,0,0,0,,0,59.18,59.18,59.18
electronics.audio.subwoofer,hertz,5,0,0,0,,0,68.11,481.63,235.9227273
electronics.audio.subwoofer,infinity,5,0,0,0,,0,41.19,108.11,82.113
electronics.camera.photo,arg,5,0,0,0,,0,25.71,48.88,35.61307692
electronics.camera.photo,maxwell,5,1,0,0.2,0,0,12.61,46.31,24.545
electronics.camera.photo,philips,5,0,0,0,,0,30.86,61.75,45.794
electronics.clocks,norfin,5,0,0,0,,0,39.98,50.07,42.28428571
electronics.clocks,oasis,5,1,0,0.2,0,0,31.43,270.25,91.55
electronics.clocks,rado,5,0,0,0,,0,1338.52,2574.07,2106.057273
electronics.clocks,seiko,5,0,0,0,,0,194.08,1022.42,416.79375
electronics.clocks,shivaki,5,0,0,0,,0,62.29,94.47,76.21666667
electronics.tablet,chairman,5,0,0,0,,0,73.36,347.24,123.2961538
electronics.tablet,dxracer,5,1,0,0.2,0,0,215.94,411.57,321.14125
electronics.tablet,machaon,5,2,0,0.4,0,0,6.23,63.41,23.27727273
electronics.telephone,optoma,5,0,0,0,,0,342.07,817.22,615.3692857
furniture.bathroom.bath,vitek,5,0,0,0,,0,20.57,38.59,28.9896
furniture.bedroom.bed,baden,5,0,0,0,,0,51.22,56.37,54.65333333
furniture.bedroom.blanket,galanz,5,0,0,0,,0,66.9,66.9,66.9
furniture.bedroom.blanket,pablosky,5,0,0,0,,0,21.36,52,35.188
furniture.bedroom.blanket,redmond,5,1,1,0.2,1,0.2,28.29,204.32,92.21866667
furniture.bedroom.blanket,yamatsu,5,0,0,0,,0,44.81,44.81,44.81
furniture.kitchen.chair,remax,5,0,0,0,,0,33.44,33.44,33.44
furniture.kitchen.table,bohemia,5,0,0,0,,0,8.49,34.57,27.585
furniture.kitchen.table,emer,5,0,0,0,,0,458.18,458.18,458.18
furniture.kitchen.table,hyperx,5,0,0,0,,0,41.16,49.79,45.475
furniture.kitchen.table,pasabahce,5,0,0,0,,0,4.09,7.7,5.231428571
furniture.kitchen.table,razer,5,1,1,0.2,1,0.2,40.67,137.45,68.15923077
furniture.kitchen.table,tognana,5,0,0,0,,0,18.02,41.19,27.956
kids.skates,dauscher,5,0,0,0,,0,514.79,617.75,606.31
kids.skates,teknum,5,0,0,0,,0,72.07,200.78,108.8442857
kids.swing,bosch,5,0,0,0,,0,522.51,1052.77,662.1142105
kids.swing,dauscher,5,1,0,0.2,0,0,8.98,10.27,9.754
kids.swing,galaxy,5,0,0,0,,0,9.76,14.39,11.30142857
kids.swing,machete,5,0,0,0,,0,38.61,38.61,38.61
kids.toys,asics,5,0,0,0,,0,72.05,97.81,86.483
kids.toys,brw,5,0,0,0,,0,114.8,200.01,136.3011111
kids.toys,disney,5,1,0,0.2,0,0,12.74,34.24,20.164
kids.toys,lol,5,0,0,0,,0,9.01,463.31,109.652
kids.toys,poli,5,0,0,0,,0,24.97,24.97,24.97
kids.toys,tamaris,5,0,0,0,,0,55.09,92.41,72.07333333
sport.bicycle,bose,5,0,0,0,,0,187.31,411.83,265.8666667
sport.bicycle,galaxy,5,0,0,0,,0,13.87,14.13,13.98142857
sport.bicycle,lenovo,5,0,0,0,,0,13.36,141.31,31.38333333
sport.bicycle,myprotein,5,0,0,0,,0,22.01,42.37,35.41571429
sport.ski,harley-davidson,5,0,0,0,,0,128.7,175.04,162.8075
sport.ski,thule,5,0,0,0,,0,113.23,196.66,131.3833333
sport.tennis,sulu,5,0,0,0,,0,51.48,128.7,77.22
sport.trainer,bugatti,5,0,0,0,,0,205.9,205.9,205.9
sport.trainer,deepcool,5,0,0,0,,0,55.34,120.44,79.45
sport.trainer,hyundai,5,1,0,0.2,0,0,71.82,200.72,184.1127778
sport.trainer,stels,5,0,0,0,,0,132.48,132.48,132.48
Unknown,alutec,4,0,0,0,,0,463.33,988.44,709.5142857
Unknown,appollo,4,0,0,0,,0,115.83,193.06,132.1355556
Unknown,ardesto,4,0,0,0,,0,11.58,11.58,11.58
Unknown,bsa-wheels,4,0,0,0,,0,258.44,349.56,301.04
Unknown,carbon,4,0,0,0,,0,651.5,1962.73,892.2190909
Unknown,clatronic,4,0,0,0,,0,56.6,156.74,81.635
Unknown,columbia,4,0,0,0,,0,321.05,377.63,346.79
Unknown,dyson,4,0,0,0,,0,552.11,643.49,608.362
Unknown,fissman,4,0,0,0,,0,14.03,127.03,97.685
Unknown,hitachi,4,0,0,0,,0,124.26,990.99,687.61
Unknown,kaiser,4,0,0,0,,0,592.04,1943.42,1673.144
Unknown,katun,4,0,0,0,,0,37.84,73.08,41.75555556
Unknown,legeartis,4,0,0,0,,0,549.82,617.78,595.1
Unknown,mirage,4,0,1,0,,0.25,67.78,270.28,127.6742857
Unknown,navien,4,0,0,0,,0,504.52,805.68,572.346
Unknown,nissan,4,0,0,0,,0,1235.55,1235.55,1235.55
Unknown,panasonic,4,0,0,0,,0,22.91,184.02,66.21571429
Unknown,proxxon,4,0,0,0,,0,8.24,177.07,72.235
Unknown,smeg,4,0,0,0,,0,30.38,30.38,30.38
Unknown,startul,4,1,1,0.25,1,0.25,12.25,158.95,46.13625
Unknown,swisshome,4,0,0,0,,0,69.24,110.43,103.565
Unknown,thorvik,4,0,0,0,,0,13.9,77.07,30.846
Unknown,toro,4,0,0,0,,0,9.76,9.76,9.76
Unknown,unilux,4,0,0,0,,0,225.09,1301.05,450.00125
Unknown,wenge,4,0,0,0,,0,22.91,30.63,25.11571429
accessories.bag,bestway,4,0,0,0,,0,7.83,7.83,7.83
accessories.bag,harley-davidson,4,0,0,0,,0,227.81,341.06,253.9766667
accessories.bag,myprotein,4,0,0,0,,0,47.52,231.5,118.815
accessories.wallet,blackvue,4,0,0,0,,0,305.75,696.55,466.4365
accessories.wallet,camshel,4,0,0,0,,0,59.2,68.13,65.15333333
accessories.wallet,inspector,4,0,0,0,,0,47.29,267.35,142.386
accessories.wallet,playme,4,0,0,0,,0,90.07,162.14,128.04
accessories.wallet,subini,4,1,0,0.25,0,0,79.8,177.61,123.556
apparel.costume,dermacol,4,0,0,0,,0,11.58,20.85,17.142
apparel.costume,huion,4,0,0,0,,0,38.34,138.97,93.61571429
apparel.costume,lg,4,0,0,0,,0,119.07,283.12,190.10125
apparel.costume,norfin,4,0,0,0,,0,50.58,366.42,261.396
apparel.costume,ryobi,4,0,0,0,,0,257.31,650.08,497.5028571
apparel.costume,vichy,4,0,0,0,,0,20.15,21.62,21.375
apparel.glove,Unknown,4,0,0,0,,0,6.54,114.45,37.03
apparel.jeans,tamina,4,0,0,0,,0,244.53,463.33,376.0988889
apparel.jumper,steelflex,4,0,0,0,,0,1304.8,1304.8,1304.8
apparel.scarf,bethesda,4,0,0,0,,0,7.72,69.24,17.97333333
apparel.scarf,ubisoft,4,1,0,0.25,0,0,23.16,38.59,34.12166667
apparel.shirt,luris,4,0,0,0,,0,17.99,25.86,24.286
apparel.shirt,magnetta,4,0,0,0,,0,83.66,261.14,159.7228571
apparel.shirt,nestogen,4,0,1,0,,0.25,5.53,9.76,7.677142857
apparel.shoes,acme,4,0,0,0,,0,25.48,56.37,45.045
apparel.shoes,bartek,4,0,0,0,,0,42.47,74.65,57.23
apparel.shoes,bestway,4,0,0,0,,0,9.76,36.04,29.16333333
apparel.shoes,bohemia,4,0,0,0,,0,19.08,140.06,55.1175
apparel.shoes,defacto,4,0,0,0,,0,7.7,23.14,11.55875
apparel.shoes,mastela,4,0,0,0,,0,66.93,66.93,66.93
apparel.shoes,okuma,4,0,0,0,,0,34.05,99.38,54.59833333
apparel.shoes,remonte,4,0,0,0,,0,55.09,100.13,83.015
apparel.shoes,salamander,4,0,0,0,,0,52,102.45,80.4425
apparel.shoes,sokolov,4,0,0,0,,0,23.3,1303.06,586.9257143
apparel.shoes,vega,4,1,0,0.25,0,0,28.31,46.33,38.481
apparel.shoes.ballet_shoes,pt-group,4,0,0,0,,0,193.06,244.54,207.53875
apparel.shoes.ballet_shoes,sho-me,4,1,0,0.25,0,0,71.57,90.09,78.89166667
apparel.shoes.espadrilles,ersport,4,0,0,0,,0,254.58,254.58,254.58
apparel.shoes.keds,auratic,4,0,0,0,,0,108.11,108.11,108.11
apparel.shoes.keds,butterfly,4,0,0,0,,0,152.33,196.32,176.7366667
apparel.shoes.keds,deeper,4,0,0,0,,0,149.16,411.83,243.628
apparel.shoes.keds,emily,4,0,0,0,,0,314.29,1258.9,654.784
apparel.shoes.keds,leander,4,0,0,0,,0,608.97,710.08,659.525
apparel.shoes.keds,okuma,4,0,0,0,,0,61.78,88.81,71.475
apparel.shoes.keds,pintinox,4,0,0,0,,0,39.64,278.26,87.364
apparel.shoes.keds,selby,4,0,0,0,,0,38.59,71.98,42.76375
apparel.shoes.keds,shimano,4,0,0,0,,0,67.96,181.09,121.122
apparel.shoes.moccasins,sv,4,0,0,0,,0,56.6,83.4,61.96
apparel.shoes.sandals,bosch,4,0,0,0,,0,7.72,132.58,57.664
apparel.shoes.sandals,kenzo,4,0,0,0,,0,47.49,105.51,60.14571429
apparel.shoes.sandals,kitfort,4,0,0,0,,0,25.71,27.72,27.41076923
apparel.shoes.sandals,lancome,4,0,0,0,,0,48.88,115.83,76.186
apparel.shoes.sandals,moschino,4,0,1,0,,0.25,39.17,90.09,54.116
apparel.shoes.sandals,trussardi,4,1,0,0.25,0,0,38.89,89.05,64.22391304
apparel.shoes.slipons,apacer,4,1,0,0.25,0,0,19.54,64.09,45.95230769
apparel.shorts,rainbo,4,0,0,0,,0,90.07,90.07,90.07
apparel.sock,fitlux,4,1,0,0.25,0,0,72.07,72.07,72.07
apparel.sock,nike,4,0,0,0,,0,25.74,80.16,58.392
apparel.tshirt,autoprofi,4,0,0,0,,0,37.58,67.96,58.09166667
apparel.tshirt,dewalt,4,0,0,0,,0,42.47,200.76,77.343
apparel.tshirt,ecocool,4,0,0,0,,0,92.54,92.54,92.54
apparel.tshirt,kelli,4,0,0,0,,0,34.98,34.98,34.98
apparel.underwear,alesis,4,0,0,0,,0,271.8,429.95,319.46875
apparel.underwear,brw,4,0,0,0,,0,429.35,439.65,437.075
apparel.underwear,defacto,4,0,0,0,,0,8.98,38.59,14.902
apparel.underwear,scarlett,4,0,0,0,,0,17.09,17.09,17.09
apparel.underwear,terris,4,2,0,0.5,0,0,25.74,36.04,29.17166667
appliances.environment.air_conditioner,beko,4,0,0,0,,0,223.97,361.5,256.825
appliances.environment.air_conditioner,samsung,4,0,0,0,,0,449.15,625.47,549.9042857
appliances.environment.vacuum,carver,4,0,0,0,,0,437.59,1028.34,660.2477778
appliances.environment.vacuum,dexp,4,0,0,0,,0,114.29,271.8,249.2985714
appliances.environment.vacuum,kolner,4,0,0,0,,0,7.77,57.89,39.095
appliances.ironing_board,glasman,4,0,0,0,,0,180.16,180.16,180.16
appliances.ironing_board,xiaomi,4,2,0,0.5,0,0,4.53,51.46,42.86181818
appliances.kitchen.blender,dauscher,4,0,0,0,,0,33.44,33.44,33.44
appliances.kitchen.blender,xiaomi,4,0,0,0,,0,63.06,65.64,63.576
appliances.kitchen.dishwasher,smeg,4,1,0,0.25,0,0,391.01,1484.07,1231.195
appliances.kitchen.grill,scarlett,4,0,0,0,,0,15.42,20.57,18.63875
appliances.kitchen.grill,simba,4,0,0,0,,0,15.44,45.79,32.54
appliances.kitchen.hob,Unknown,4,0,1,0,,0.25,53.8,179.93,100.9016667
appliances.kitchen.hob,beko,4,0,0,0,,0,118.38,296.27,192.624
appliances.kitchen.hob,samsung,4,0,0,0,,0,283.12,463.31,355.85
appliances.kitchen.hood,hyundai,4,0,0,0,,0,42.6,95.75,72.97142857
appliances.kitchen.juicer,gigabyte,4,0,0,0,,0,74.73,171.43,114.5775
appliances.kitchen.juicer,toshiba,4,0,0,0,,0,37.84,42.2,40.704
appliances.kitchen.kettle,dewalt,4,0,0,0,,0,257.39,450.46,397.7942857
appliances.kitchen.kettle,edifier,4,0,0,0,,0,30.61,246.16,205.8585714
appliances.kitchen.meat_grinder,bochetti,4,0,0,0,,0,64.09,92.67,70.52666667
appliances.kitchen.mixer,centek,4,1,0,0.25,0,0,12.66,26.08,21.215
appliances.kitchen.mixer,galaxy,4,0,0,0,,0,11.04,79.77,45.47
appliances.kitchen.oven,Unknown,4,0,0,0,,0,72.05,189.19,94.75
appliances.kitchen.oven,smeg,4,0,0,0,,0,199.37,887.26,607.946
appliances.kitchen.refrigerators,hansa,4,0,0,0,,0,182.73,514.79,317.0133333
appliances.kitchen.refrigerators,xing,4,0,0,0,,0,166.36,192.51,175.0766667
appliances.kitchen.toster,author,4,1,0,0.25,0,0,195.37,771.96,468.5247059
appliances.kitchen.toster,cannondale,4,0,0,0,,0,401.3,1106.59,574.08375
appliances.kitchen.toster,dk,4,0,0,0,,0,101.68,385.85,250.32875
appliances.kitchen.toster,gt,4,0,0,0,,0,308.63,746.22,383.6464286
appliances.kitchen.toster,hoco,4,0,0,0,,0,15.42,30.98,18.01333333
appliances.kitchen.toster,polaris,4,0,0,0,,0,11.56,30.86,15.9675
appliances.kitchen.toster,samsung,4,0,0,0,,0,84.92,84.92,84.92
appliances.kitchen.toster,trinx,4,2,0,0.5,0,0,162.17,176.32,169.8881818
appliances.kitchen.toster,vitek,4,0,0,0,,0,17.99,20.57,19.538
appliances.personal.hair_cutter,galaxy,4,0,0,0,,0,10.53,25.19,16.134
appliances.personal.hair_cutter,remington,4,0,0,0,,0,11.81,33.44,27.29
appliances.personal.hair_cutter,rowenta,4,2,2,0.5,1,0.5,19.28,23.14,22.03714286
appliances.personal.massager,bq,4,0,0,0,,0,106.8,132.56,119.68
appliances.personal.massager,elenberg,4,0,0,0,,0,77.2,77.2,77.2
appliances.personal.massager,gefest,4,0,0,0,,0,44.17,151.48,85.46375
appliances.personal.massager,homy,4,0,0,0,,0,37.32,37.32,37.32
appliances.personal.massager,huntkey,4,0,0,0,,0,179.03,262.04,219.544
appliances.personal.massager,kronasteel,4,0,0,0,,0,66.67,121.24,93.375
appliances.sewing_machine,Unknown,4,0,0,0,,0,42.21,429.61,185.845
appliances.sewing_machine,singer,4,0,0,0,,0,103.07,225.82,160.6457143
auto.accessories.radar,hoco,4,0,0,0,,0,28.29,28.29,28.29
auto.accessories.videoregister,Unknown,4,0,1,0,,0.25,75.68,675.67,326.95
auto.accessories.videoregister,jkexer,4,0,0,0,,0,476.2,476.2,476.2
auto.accessories.winch,bielita,4,0,0,0,,0,2.29,2.29,2.29
auto.accessories.winch,kirkland,4,0,1,0,,0.25,10.04,51.15,36.575
computers.components.cooler,galaxy,4,0,0,0,,0,37.04,61.75,45.27777778
computers.components.cooler,kitfort,4,0,0,0,,0,48.88,181.6,78.2
computers.components.cooler,now,4,0,0,0,,0,5.02,22.01,15.51
computers.components.cooler,scarlett,4,0,0,0,,0,46.31,90.02,57.574
computers.components.motherboard,Unknown,4,0,0,0,,0,29.53,2393.88,551.504
computers.components.power_supply,cougar,4,0,0,0,,0,50.45,104.65,71.01
computers.components.power_supply,xiaomi,4,0,0,0,,0,20.34,30.42,24.145
computers.desktop,acer,4,0,0,0,,0,463.31,1183.3,1063.301667
computers.desktop,calorie,4,0,0,0,,0,17.9,49,36.21714286
computers.desktop,huile,4,0,0,0,,0,6.41,36.01,19.184
computers.desktop,infantino,4,0,0,0,,0,35.78,35.78,35.78
computers.desktop,mutant,4,0,0,0,,0,69.37,69.37,69.37
computers.desktop,rubiks,4,0,0,0,,0,4.09,27.16,18.87
computers.notebook,lenovo,4,0,0,0,,0,617.75,1131.82,786.6628571
computers.peripherals.camera,jb,4,0,0,0,,0,7.18,10.27,8.567692308
computers.peripherals.mouse,bresser,4,0,0,0,,0,43.39,315.09,158.1566667
computers.peripherals.mouse,canon,4,0,0,0,,0,381.78,1717.72,1310.162222
computers.peripherals.printer,favory,4,0,0,0,,0,681.64,1632.32,1129.595556
construction.components.faucet,teosa,4,0,0,0,,0,10.04,28.31,19.8025
construction.tools.drill,salamander,4,0,0,0,,0,115.58,115.58,115.58
construction.tools.generator,inhouse,4,1,0,0.25,0,0,9.76,25.71,11.8025
construction.tools.generator,scovo,4,0,0,0,,0,11.02,20.64,13.23
construction.tools.light,alteco,4,0,0,0,,0,39.64,233.47,140.05375
construction.tools.light,cersanit,4,0,0,0,,0,67.53,162.03,111.2863636
construction.tools.light,coleman,4,0,0,0,,0,308.86,720.71,570.5588889
construction.tools.light,naturehike,4,0,0,0,,0,143.63,471.57,207.40375
construction.tools.pump,luxvisage,4,0,0,0,,0,2.06,2.06,2.06
construction.tools.saw,alteco,4,0,0,0,,0,60.36,63.35,61.35666667
construction.tools.saw,eurolux,4,1,0,0.25,0,0,65,68.21,66.926
construction.tools.saw,metabo,4,0,0,0,,0,256.26,1070.24,612.5971429
construction.tools.saw,xiaomi,4,0,0,0,,0,40.99,51.46,49.366
construction.tools.welding,defacto,4,0,0,0,,0,4.35,5.12,4.812
construction.tools.welding,fubag,4,1,0,0.25,0,0,80.52,479.94,131.4737037
construction.tools.welding,kitfort,4,0,0,0,,0,32.53,123.53,80.17571429
country_yard.cultivator,Unknown,4,0,0,0,,0,81.08,98.84,92.535
country_yard.cultivator,catunltd,4,0,0,0,,0,69.24,89.32,79.692
electronics.audio.acoustic,aria,4,0,0,0,,0,90.09,314.04,151.654
electronics.audio.microphone,crown,4,0,1,0,,0.25,67.44,84.92,83.118
electronics.audio.microphone,p.i.t.,4,0,0,0,,0,36.98,73.23,48.55833333
electronics.audio.music_tools.piano,myprotein,4,0,0,0,,0,17.4,100.22,38.288
electronics.audio.subwoofer,boyscout,4,1,0,0.25,0,0,1.78,38.35,7.341
electronics.audio.subwoofer,grillver,4,1,0,0.25,0,0,122.37,184.05,130.7275
electronics.camera.photo,bosch,4,0,0,0,,0,33.44,82.34,44.65214286
electronics.camera.photo,dirkje,4,0,0,0,,0,33.46,33.46,33.46
electronics.camera.video,jinga,4,0,0,0,,0,8.73,23.9,14.9
electronics.clocks,citizen,4,0,0,0,,0,136.43,635.8,349.5275
electronics.clocks,cover,4,0,0,0,,0,190.48,383.79,323.6144444
electronics.clocks,dkny,4,0,0,0,,0,146.21,180.18,161.3077778
electronics.clocks,haier,4,0,0,0,,0,77.2,102.94,88.89909091
electronics.clocks,mijia,4,0,0,0,,0,69.24,69.24,69.24
electronics.clocks,polar,4,0,0,0,,0,251.36,668.7,435.242
electronics.clocks,teploross,4,0,0,0,,0,84.94,123.56,111.705
electronics.video.tv,prology,4,0,0,0,,0,36.04,182.76,153.416
furniture.bathroom.bath,trollbeads,4,0,0,0,,0,39.82,60.23,46.34666667
furniture.bedroom.bed,exide,4,0,0,0,,0,55.6,144.15,107.7575
furniture.bedroom.bed,genesis,4,1,0,0.25,0,0,41.19,41.19,41.19
furniture.bedroom.bed,mebelson,4,0,0,0,,0,168.83,231.13,200.65
furniture.bedroom.blanket,hotpoint-ariston,4,0,0,0,,0,66.62,72.05,70.964
furniture.bedroom.blanket,polaris,4,0,0,0,,0,61.26,66.9,63.14
furniture.kitchen.chair,continent,4,0,0,0,,0,4.09,7.7,7.072857143
furniture.kitchen.chair,hoco,4,1,0,0.25,0,0,25.71,28.29,26.28333333
furniture.kitchen.chair,tramontina,4,0,0,0,,0,4.56,31.33,16.01222222
furniture.kitchen.table,brateck,4,0,0,0,,0,4.81,844.75,111.14
furniture.kitchen.table,lenovo,4,0,0,0,,0,13.93,28.06,16.285
furniture.kitchen.table,redragon,4,0,0,0,,0,21.85,48.14,39.38
furniture.kitchen.table,steelseries,4,0,0,0,,0,54.03,133.83,82.295
furniture.living_room.cabinet,smile,4,0,0,0,,0,18.73,18.73,18.73
furniture.living_room.chair,waterpik,4,0,0,0,,0,150.99,179.25,165.12
furniture.living_room.sofa,asm,4,0,0,0,,0,540.3,540.3,540.3
furniture.living_room.sofa,imperial,4,0,0,0,,0,771.96,771.96,771.96
furniture.living_room.sofa,missha,4,0,0,0,,0,16.09,22.39,18.93909091
furniture.living_room.sofa,vichy,4,0,0,0,,0,11.58,15.14,14.0375
kids.skates,anex,4,0,0,0,,0,334.11,687.28,462.66
kids.skates,bafang,4,0,0,0,,0,1509.96,1509.96,1509.96
kids.skates,shenma,4,0,0,0,,0,86.23,241.7,135.71
kids.toys,playmates,4,0,0,0,,0,30.09,75.8,41.5175
kids.toys,strobbs,4,0,0,0,,0,46.08,48.39,47.928
sport.bicycle,acme,4,2,1,0.5,0.5,0.25,23.14,28.06,24.95263158
sport.bicycle,awei,4,0,0,0,,0,13.17,17.63,15.226
sport.bicycle,beats,4,0,0,0,,0,23.14,549.8,280.935
sport.bicycle,erkaplan,4,0,0,0,,0,157.66,310.18,228.476
sport.bicycle,jabra,4,0,0,0,,0,15.42,205.9,152.36
sport.bicycle,kingston,4,0,0,0,,0,45.84,102.44,75.224
sport.bicycle,marshall,4,0,0,0,,0,64.33,133.59,84.45333333
sport.bicycle,olmio,4,1,0,0.25,0,0,7.39,35.25,19.77222222
sport.bicycle,pablosky,4,0,0,0,,0,39.13,66.93,56.74
sport.bicycle,parklon,4,0,0,0,,0,56.63,56.63,56.63
sport.bicycle,redragon,4,0,0,0,,0,14.65,27.8,23.718
sport.bicycle,sennheiser,4,0,0,0,,0,6.92,210.04,95.17083333
sport.bicycle,sven,4,0,0,0,,0,6.41,35.78,21.56142857
sport.ski,acer,4,0,0,0,,0,25.71,84.92,35.68625
sport.ski,polaris,4,0,0,0,,0,45.02,360.11,113.755
sport.trainer,bestway,4,0,0,0,,0,63.44,63.44,63.44
sport.trainer,canon,4,0,0,0,,0,602.31,2233,1409.25
sport.trainer,cougar,4,0,0,0,,0,38.17,277.9,94.76428571
sport.trainer,dewalt,4,0,0,0,,0,42.27,472.34,116.82
sport.trainer,oma,4,1,0,0.25,0,0,432.44,592.04,484.06
sport.trainer,osram,4,0,0,0,,0,2.57,66.93,29.19
Unknown,almacom,3,0,0,0,,0,49.94,67.48,54.325
Unknown,amarobaby,3,0,0,0,,0,27.54,115.83,52.895
Unknown,ats,3,0,0,0,,0,741.33,1420.89,988.4433333
Unknown,baden,3,0,0,0,,0,46.08,89.84,60.2375
Unknown,berlinger,3,0,0,0,,0,54.62,165.51,134.3
Unknown,beyond,3,0,0,0,,0,14.16,19.31,17.59333333
Unknown,chicco,3,0,0,0,,0,28.98,146.28,104.658
Unknown,daewoo,3,0,0,0,,0,484.27,2498.29,987.775
Unknown,deko,3,0,0,0,,0,102.71,102.71,102.71
Unknown,denzel,3,0,0,0,,0,71.81,91.82,81.815
Unknown,ersport,3,0,0,0,,0,680.82,680.82,680.82
Unknown,firestone,3,0,0,0,,0,272.34,367.06,331.7966667
Unknown,gislaved,3,1,0,0.3333,0,0,41.7,132.82,97.712
Unknown,iddis,3,0,0,0,,0,9.01,13.13,10.38333333
Unknown,jasic,3,0,0,0,,0,368.53,872.19,460.4633333
Unknown,joko,3,1,0,0.3333,0,0,16.58,17.74,17.45
Unknown,kaemingk,3,0,0,0,,0,50.78,437.25,308.4266667
Unknown,keter,3,0,0,0,,0,54.05,234.24,147.08
Unknown,kukmara,3,0,0,0,,0,46.31,73.07,62.366
Unknown,kumho,3,0,0,0,,0,46.33,84.94,62.546
Unknown,laston,3,0,0,0,,0,49.86,214.69,76.512
Unknown,meade,3,1,0,0.3333,0,0,306.31,891.73,358.19625
Unknown,metabo,3,0,0,0,,0,78.38,779.44,295.2177778
Unknown,mirax,3,0,0,0,,0,36.89,36.89,36.89
Unknown,motorguide,3,0,0,0,,0,240.93,254.83,245.5633333
Unknown,mutant,3,0,0,0,,0,21.49,56.5,44.2075
Unknown,nz,3,0,0,0,,0,175.04,244.02,198.0333333
Unknown,orion,3,0,0,0,,0,34.55,60.49,50.85454545
Unknown,peterhof,3,0,1,0,,0.3333,70.76,70.76,70.76
Unknown,plitex,3,0,0,0,,0,23.79,59.42,34.638
Unknown,pro-ject,3,0,0,0,,0,278.27,302.55,296.48
Unknown,qiangchi,3,0,0,0,,0,43.24,115.32,103.2777778
Unknown,ravenol,3,0,0,0,,0,6.44,34.75,21.62333333
Unknown,rinnai,3,0,0,0,,0,783.4,913.79,821.568
Unknown,ves,3,0,0,0,,0,4.88,39.64,21.32
Unknown,yamaha,3,0,0,0,,0,355.22,1853.3,665.93
accessories.bag,clariss,3,0,0,0,,0,5.66,64.35,25.74
accessories.bag,colourpop,3,0,0,0,,0,29.6,39.9,35.554375
accessories.bag,dirkje,3,0,0,0,,0,23.94,45.56,32.794
accessories.bag,granhel,3,0,0,0,,0,34.75,54.31,42.81333333
accessories.bag,intex,3,0,0,0,,0,15.44,34.75,21.075
accessories.bag,lara,3,0,0,0,,0,10.91,35.82,25.41166667
accessories.bag,metrot,3,0,0,0,,0,35.14,54.11,49.56230769
accessories.bag,nitecore,3,0,0,0,,0,88.27,88.27,88.27
accessories.bag,verloni,3,0,0,0,,0,11.56,23.14,16.70666667
accessories.umbrella,kabrita,3,0,0,0,,0,2.45,5.66,4.898333333
accessories.umbrella,parkmaster,3,0,0,0,,0,33.46,124.84,94.87
accessories.wallet,navitel,3,0,0,0,,0,46.31,102.94,67.90222222
accessories.wallet,swat,3,0,0,0,,0,41.19,41.19,41.19
accessories.wallet,xiaomi,3,0,0,0,,0,46.31,90.09,61.68333333
apparel.costume,brw,3,0,0,0,,0,48.14,71.82,63.92666667
apparel.costume,fubag,3,0,0,0,,0,180.96,1406.01,670.98
apparel.costume,lumene,3,0,0,0,,0,14.39,19.05,15.555
apparel.costume,milavitsa,3,0,0,0,,0,59.01,68.53,65.35666667
apparel.costume,philips,3,0,0,0,,0,15.59,15.59,15.59
apparel.glove,harley-davidson,3,0,0,0,,0,178.9,306.31,234.24
apparel.glove,scorpion,3,0,0,0,,0,215.45,328.45,271.95
apparel.jeans,nutrex,3,0,0,0,,0,27.16,37.32,33.93333333
apparel.jumper,Unknown,3,0,0,0,,0,8.24,199.44,56.70833333
apparel.jumper,bosch,3,0,0,0,,0,36.74,56.62,52.644
apparel.pajamas,defacto,3,1,0,0.3333,0,0,4.09,17.99,9.178666667
apparel.scarf,daesung,3,0,0,0,,0,38.7,38.7,38.7
apparel.scarf,delux,3,0,0,0,,0,7.4,21.85,17.03333333
apparel.scarf,fabretti,3,0,0,0,,0,17.76,26.77,24.71
apparel.scarf,razer,3,0,0,0,,0,46.08,168.6,93.95
apparel.scarf,sega,3,0,0,0,,0,48.88,51.46,50.6
apparel.scarf,sven,3,0,0,0,,0,7.46,59.89,23.631
apparel.shirt,calligrata,3,0,0,0,,0,38.97,56.99,43.475
apparel.shirt,greyder,3,0,0,0,,0,87.52,87.52,87.52
apparel.shirt,perilla,3,0,0,0,,0,15.42,60.49,30.2275
apparel.shirt,remington,3,0,0,0,,0,61.11,61.11,61.11
apparel.shirt,tosato,3,0,0,0,,0,486.5,486.5,486.5
apparel.shoes,alpina,3,0,0,0,,0,92.67,124.07,113.6033333
apparel.shoes,alterna,3,0,0,0,,0,41.98,91.41,61.26
apparel.shoes,berghoff,3,0,0,0,,0,16.96,18.76,18.16
apparel.shoes,burgerschuhe,3,0,0,0,,0,57.92,79.02,67.696
apparel.shoes,chicco,3,0,0,0,,0,123.53,302.68,257.8925
apparel.shoes,coty,3,0,1,0,,0.3333,11.84,13.64,12.6025
apparel.shoes,daisy,3,0,0,0,,0,166.5,166.5,166.5
apparel.shoes,dendy,3,0,0,0,,0,51.46,51.46,51.46
apparel.shoes,fitbit,3,0,0,0,,0,180.16,180.16,180.16
apparel.shoes,gimi,3,0,0,0,,0,26.77,62.81,40.95444444
apparel.shoes,guzzini,3,0,0,0,,0,4.89,62.04,38.44
apparel.shoes,higashi,3,0,0,0,,0,74.39,585.09,414.8566667
apparel.shoes,i-baby,3,0,0,0,,0,36.04,38.24,36.77333333
apparel.shoes,jade,3,0,0,0,,0,226.52,226.52,226.52
apparel.shoes,jet,3,0,0,0,,0,36.01,36.01,36.01
apparel.shoes,lara,3,0,0,0,,0,17.09,17.09,17.09
apparel.shoes,pablosky,3,0,0,0,,0,46.59,74.65,56.526
apparel.shoes,romer,3,0,0,0,,0,61.26,61.26,61.26
apparel.shoes,rondell,3,0,0,0,,0,30.86,38.59,37.817
apparel.shoes,ryobi,3,1,0,0.3333,0,0,48.84,207.28,170.735
apparel.shoes,topface,3,0,0,0,,0,1.8,4.76,3.773333333
apparel.shoes,total,3,0,0,0,,0,26.49,26.49,26.49
apparel.shoes,troyka,3,1,0,0.3333,0,0,8.47,8.47,8.47
apparel.shoes.ballet_shoes,Unknown,3,0,0,0,,0,100.28,303.74,167.02
apparel.shoes.ballet_shoes,neoline,3,0,0,0,,0,47.56,94.66,73.972
apparel.shoes.espadrilles,housefit,3,0,0,0,,0,200.79,398.98,248.1983333
apparel.shoes.keds,amefa,3,0,0,0,,0,13.44,123.97,96.3375
apparel.shoes.keds,dauscher,3,0,0,0,,0,28.29,28.29,28.29
apparel.shoes.keds,emsa,3,0,0,0,,0,25.71,93.56,40.24272727
apparel.shoes.keds,fissman,3,0,0,0,,0,7.59,292.16,182.76
apparel.shoes.keds,ivolia,3,1,0,0.3333,0,0,77.2,77.2,77.2
apparel.shoes.keds,kenwood,3,0,0,0,,0,102.94,169.86,156.476
apparel.shoes.keds,koopman,3,0,0,0,,0,32.41,32.41,32.41
apparel.shoes.keds,maribel,3,0,0,0,,0,148.01,148.01,148.01
apparel.shoes.keds,philips,3,0,0,0,,0,139.62,180.11,166.6133333
apparel.shoes.keds,remonte,3,0,0,0,,0,39.64,94.98,77.93
apparel.shoes.keds,stokke,3,0,0,0,,0,61.75,319.13,230.604
apparel.shoes.keds,unit,3,0,0,0,,0,30.01,61.19,42.482
apparel.shoes.moccasins,visavis,3,0,0,0,,0,4.89,5.06,5.003333333
apparel.shoes.sandals,afnan,3,0,0,0,,0,25.07,52.77,44.985
apparel.shoes.sandals,cacharel,3,0,0,0,,0,33.12,54.64,42.34285714
apparel.shoes.sandals,chloe,3,0,0,0,,0,52.34,113,79.51714286
apparel.shoes.sandals,clinique,3,0,0,0,,0,41.62,41.62,41.62
apparel.shoes.sandals,dilis,3,0,0,0,,0,8.75,9.06,8.853333333
apparel.shoes.sandals,gucci,3,1,1,0.3333,1,0.3333,51.21,66.67,54.27571429
apparel.shoes.sandals,guerlain,3,0,0,0,,0,67.4,103.48,91.6425
apparel.shoes.sandals,lalique,3,1,0,0.3333,0,0,43.04,60.02,50.824
apparel.shoes.sandals,montblanc,3,2,1,0.6667,0.5,0.3333,31.27,68.5,44.57857143
apparel.shoes.sandals,nasomatto,3,0,0,0,,0,203.35,211.85,206.1833333
apparel.shoes.sandals,ngk,3,0,0,0,,0,3.09,30.89,15.3475
apparel.shoes.sandals,rieker,3,0,0,0,,0,46.08,71.82,56.71666667
apparel.shoes.slipons,centek,3,0,0,0,,0,51.46,51.46,51.46
apparel.shoes.slipons,crucial,3,0,0,0,,0,22.47,177.59,84.005
apparel.shoes.slipons,geil,3,0,0,0,,0,21.85,42.47,36.19857143
apparel.shoes.slipons,irbis,3,0,0,0,,0,57.63,142.86,95.758
apparel.shoes.slipons,tefal,3,0,0,0,,0,61.52,138.97,90.486
apparel.shoes.slipons,zeppelin,3,0,0,0,,0,6.67,10.42,8.443333333
apparel.shoes.step_ins,beisier,3,0,0,0,,0,47.62,47.62,47.62
apparel.shoes.step_ins,respect,3,0,0,0,,0,30.63,38.35,33.20333333
apparel.shorts,arkade,3,0,0,0,,0,81.6,81.6,81.6
apparel.shorts,microsoft,3,0,0,0,,0,46.31,46.31,46.31
apparel.shorts,x-game,3,0,0,0,,0,6.42,11.19,7.6125
apparel.skirt,tamina,3,0,0,0,,0,257.4,257.4,257.4
apparel.sock,Unknown,3,0,0,0,,0,0,144.41,85.89
apparel.sock,columbia,3,0,0,0,,0,131.25,141.55,138.1166667
apparel.trousers,gerber,3,0,0,0,,0,0.99,1.3,1.165
apparel.trousers,hohner,3,0,0,0,,0,8.49,98.84,40.719
apparel.tshirt,bosch,3,0,0,0,,0,39.63,48.87,42.71
apparel.tshirt,ryobi,3,0,0,0,,0,28.59,210.56,80.22
apparel.tshirt,swat,3,0,0,0,,0,20.59,43.76,36.03666667
apparel.tshirt,terminus,3,0,0,0,,0,59.01,414.84,228.4533333
apparel.underwear,bravo,3,0,0,0,,0,13.26,22.27,20.468
apparel.underwear,burgerschuhe,3,0,0,0,,0,41.16,68.99,56.10666667
apparel.underwear,elysium,3,0,0,0,,0,7.98,21.75,11.65714286
apparel.underwear,fender,3,0,0,0,,0,120.98,2388.22,1547.942
apparel.underwear,kotik,3,1,0,0.3333,0,0,2.32,2.32,2.32
apparel.underwear,kurzweil,3,0,0,0,,0,772.19,2191.56,1149.168889
apparel.underwear,rasch,3,0,0,0,,0,25.23,28.19,25.99666667
apparel.underwear,romer,3,0,0,0,,0,110.43,110.43,110.43
appliances.environment.air_conditioner,bosch,3,0,0,0,,0,30.79,56.27,43.53
appliances.environment.air_conditioner,elenberg,3,1,0,0.3333,0,0,280.42,463.31,353.576
appliances.environment.air_conditioner,huter,3,0,0,0,,0,17.99,94.96,74.554
appliances.environment.air_conditioner,klima,3,0,0,0,,0,257.38,334.55,272.814
appliances.environment.air_conditioner,oasis,3,0,0,0,,0,177.09,187.91,183.582
appliances.environment.air_heater,gainward,3,0,0,0,,0,186.27,845.69,625.8833333
appliances.environment.air_heater,oasis,3,0,0,0,,0,23.14,47.85,28.75058824
appliances.environment.climate,defacto,3,0,0,0,,0,10.27,12.84,11.98333333
appliances.environment.climate,glasman,3,0,0,0,,0,77.2,77.2,77.2
appliances.environment.vacuum,elenberg,3,0,0,0,,0,25.71,46.31,30.86
appliances.environment.vacuum,galaxy,3,0,0,0,,0,44.17,74.96,49.30166667
appliances.environment.vacuum,irobot,3,0,0,0,,0,514.56,752.54,657.348
appliances.environment.vacuum,shivaki,3,0,0,0,,0,69.11,128.7,85.0825
appliances.kitchen.blender,arnica,3,0,0,0,,0,28.83,28.83,28.83
appliances.kitchen.blender,galaxy,3,0,0,0,,0,12.42,32.41,20.23666667
appliances.kitchen.blender,kitfort,3,0,0,0,,0,48.13,87.49,67.81
appliances.kitchen.blender,tefal,3,0,0,0,,0,38.27,38.27,38.27
appliances.kitchen.dishwasher,dauscher,3,0,0,0,,0,280.55,308.86,292.1325
appliances.kitchen.dishwasher,samsung,3,0,0,0,,0,463.31,514.79,489.05
appliances.kitchen.grill,disney,3,0,0,0,,0,6.92,47.62,27.27
appliances.kitchen.grill,hasbro,3,0,0,0,,0,24.71,48.17,37.25
appliances.kitchen.hob,electrolux,3,0,0,0,,0,460.73,828.82,578.435
appliances.kitchen.hob,greta,3,0,0,0,,0,38.35,38.35,38.35
appliances.kitchen.hood,metabo,3,0,0,0,,0,118.35,949.65,643.075
appliances.kitchen.juicer,apacer,3,0,0,0,,0,22.11,115.58,64.4135
appliances.kitchen.kettle,elenberg,3,0,0,0,,0,10.27,20.57,17.995
appliances.kitchen.kettle,genius,3,0,0,0,,0,10.27,25.71,12.60428571
appliances.kitchen.meat_grinder,ergo,3,0,0,0,,0,73.36,97.81,84.376
appliances.kitchen.meat_grinder,legre,3,0,0,0,,0,70.79,70.79,70.79
appliances.kitchen.meat_grinder,native,3,0,0,0,,0,102.94,102.94,102.94
appliances.kitchen.mixer,braun,3,0,0,0,,0,52.42,79.77,70.65333333
appliances.kitchen.mixer,first,3,0,0,0,,0,30.37,43.76,33.34555556
appliances.kitchen.mixer,longway,3,0,0,0,,0,102.71,239.13,158.8214286
appliances.kitchen.mixer,maxwell,3,0,0,0,,0,12.84,15.42,13.485
appliances.kitchen.mixer,next,3,0,0,0,,0,20.57,36.01,32.922
appliances.kitchen.mixer,ninebot,3,0,0,0,,0,347.24,669,546.1657143
appliances.kitchen.mixer,segway,3,0,0,0,,0,423.17,668.97,498.0309091
appliances.kitchen.mixer,smeg,3,0,0,0,,0,498.78,592.01,538.426
appliances.kitchen.mixer,torrent,3,1,0,0.3333,0,0,17.99,25.71,18.58384615
appliances.kitchen.oven,gorenje,3,0,0,0,,0,347.47,347.47,347.47
appliances.kitchen.oven,hotpoint-ariston,3,0,0,0,,0,315.56,593.53,429.275
appliances.kitchen.oven,maxwell,3,0,0,0,,0,51.46,51.46,51.46
appliances.kitchen.oven,midea,3,0,0,0,,0,191.08,299.04,236.72
appliances.kitchen.oven,polaris,3,0,0,0,,0,113.57,113.57,113.57
appliances.kitchen.refrigerators,brw,3,0,0,0,,0,128.45,350.85,192.64
appliances.kitchen.refrigerators,dell,3,0,0,0,,0,513.99,677.24,609
appliances.kitchen.refrigerators,dometic,3,0,0,0,,0,115.4,1407.37,422.606
appliances.kitchen.refrigerators,ezetil,3,0,0,0,,0,87.49,1003.86,426.6988889
appliances.kitchen.refrigerators,kristal,3,0,0,0,,0,169.63,424.72,324.16
appliances.kitchen.refrigerators,oneplus,3,0,0,0,,0,540.55,743.91,676.1233333
appliances.kitchen.refrigerators,smeg,3,0,0,0,,0,502.32,1290.11,774.1483333
appliances.kitchen.refrigerators,xiaomi,3,0,0,0,,0,74.39,406.13,129.68
appliances.kitchen.toster,aist,3,0,0,0,,0,231.67,231.67,231.67
appliances.kitchen.toster,canyon,3,0,0,0,,0,28.29,28.29,28.29
appliances.kitchen.toster,kef,3,0,0,0,,0,546.2,1237.19,797.6225
appliances.kitchen.toster,mars,3,0,0,0,,0,89.34,179.93,130.5133333
appliances.kitchen.toster,micio,3,0,0,0,,0,106.84,127.08,119.49
appliances.kitchen.toster,redmond,3,0,0,0,,0,28.29,36.01,33.0175
appliances.kitchen.toster,simpleparenting,3,0,0,0,,0,250.71,250.71,250.71
appliances.kitchen.toster,stinger,3,0,0,0,,0,231.41,272.59,237.2928571
appliances.kitchen.washer,renova,3,0,0,0,,0,82.34,97.3,88.324
appliances.personal.hair_cutter,babyliss,3,0,0,0,,0,21.44,51.4,31.311875
appliances.personal.hair_cutter,braun,3,0,0,0,,0,46.31,81.06,63.38
appliances.personal.hair_cutter,defacto,3,0,0,0,,0,15.42,48.88,26.3575
appliances.personal.hair_cutter,oster,3,0,0,0,,0,16.99,189.97,125.842
appliances.personal.hair_cutter,panasonic,3,0,0,0,,0,16.73,110.66,66.38777778
appliances.personal.massager,apacer,3,1,0,0.3333,0,0,52.79,57.66,55.39
appliances.personal.massager,changhong,3,0,0,0,,0,115.06,115.06,115.06
appliances.personal.massager,defacto,3,0,0,0,,0,7.7,20.57,12.84666667
appliances.personal.massager,elikor,3,0,0,0,,0,97.71,222.02,130.8442857
appliances.personal.massager,gorenje,3,0,0,0,,0,90.07,334.6,119.6231707
appliances.personal.massager,hisense,3,0,0,0,,0,772.19,772.19,772.19
appliances.personal.massager,kerasys,3,0,0,0,,0,4.03,4.03,4.03
appliances.personal.massager,keune,3,1,0,0.3333,0,0,6.18,24.32,17.3755
appliances.personal.massager,rebus,3,0,0,0,,0,119.69,154.6,137.145
appliances.personal.massager,vestel,3,0,0,0,,0,180.16,308.86,249.658
appliances.personal.scales,appollo,3,0,0,0,,0,46.33,54.06,49.422
appliances.personal.scales,grozz,3,0,0,0,,0,773.41,773.41,773.41
appliances.sewing_machine,elna,3,0,0,0,,0,101.85,757.77,246.122
appliances.sewing_machine,toyota,3,0,0,0,,0,108.09,509.67,157.923
auto.accessories.alarm,dds,3,0,0,0,,0,360.11,360.11,360.11
auto.accessories.alarm,tuka,3,0,0,0,,0,16.73,16.73,16.73
auto.accessories.compressor,autovirazh,3,0,0,0,,0,49.92,49.92,49.92
auto.accessories.radar,Unknown,3,1,1,0.3333,1,0.3333,17.64,218.77,109.4838462
auto.accessories.videoregister,housefit,3,0,0,0,,0,118.4,1055.37,821.1275
computers.components.cooler,machaon,3,0,0,0,,0,9.58,19.15,15.114
computers.components.cooler,maxler,3,1,0,0.3333,0,0,10.04,20.46,17.09666667
computers.components.cooler,melitta,3,0,0,0,,0,668.42,1269.02,1118.94
computers.components.cooler,midea,3,0,0,0,,0,40.67,52.32,42.914
computers.components.motherboard,harley-davidson,3,0,0,0,,0,742.62,751.63,748.026
computers.components.motherboard,myprotein,3,0,0,0,,0,55.28,254.67,94.94166667
computers.components.power_supply,aerocool,3,0,0,0,,0,27.23,127.78,66.72444444
computers.components.power_supply,defender,3,1,1,0.3333,1,0.3333,21.85,21.85,21.85
computers.components.power_supply,evga,3,0,0,0,,0,177.39,177.39,177.39
computers.components.power_supply,marshall,3,0,0,0,,0,295.76,360.24,322.042
computers.components.power_supply,thermaltake,3,0,0,0,,0,41.21,133.59,92.52
computers.components.videocards,bartek,3,0,0,0,,0,57.66,72.07,63.014
computers.components.videocards,columbia,3,0,0,0,,0,73.34,73.34,73.34
computers.desktop,decoroom,3,0,0,0,,0,23.73,43.05,32.72142857
computers.desktop,joker,3,0,0,0,,0,35.78,35.78,35.78
computers.desktop,keenway,3,0,0,0,,0,43.73,43.73,43.73
computers.desktop,x-game,3,0,0,0,,0,8.21,8.21,8.21
computers.desktop,yi,3,0,0,0,,0,48.65,76.96,66.665
computers.peripherals.camera,Unknown,3,0,0,0,,0,11.37,70.58,33.43428571
computers.peripherals.mouse,alpina,3,1,0,0.3333,0,0,109.4,117.12,115.0884211
computers.peripherals.mouse,betsy,3,0,0,0,,0,24.2,24.2,24.2
computers.peripherals.mouse,leica,3,0,0,0,,0,685.99,1384.85,1138.996667
computers.peripherals.mouse,nzxt,3,0,0,0,,0,189.04,189.04,189.04
computers.peripherals.mouse,pccooler,3,0,0,0,,0,5.52,38.38,11.27727273
computers.peripherals.printer,aquamarine,3,0,0,0,,0,24.07,101.93,49.834
computers.peripherals.printer,xerox,3,0,0,0,,0,154.19,1448.34,446.593
construction.tools.drill,dremel,3,0,0,0,,0,53.85,226.76,142.4966667
construction.tools.drill,kicx,3,0,0,0,,0,75.94,185.33,103.2875
construction.tools.drill,magnetta,3,0,0,0,,0,8.62,20.46,15.38571429
construction.tools.drill,patrol,3,0,0,0,,0,66.93,66.93,66.93
construction.tools.drill,pioneer,3,0,0,0,,0,111.61,196.92,128.6416667
construction.tools.drill,pride,3,0,0,0,,0,64.34,211.07,150.415
construction.tools.drill,spotter,3,0,0,0,,0,41.16,41.16,41.16
construction.tools.light,bradex,3,1,1,0.3333,1,0.3333,13.9,13.9,13.9
construction.tools.light,dwt,3,0,0,0,,0,48.01,91.89,69.95
construction.tools.light,hada,3,1,2,0.3333,2,0.6667,28.06,28.06,28.06
construction.tools.light,massagie,3,0,0,0,,0,33.21,33.21,33.21
construction.tools.light,rosa,3,0,0,0,,0,52.53,88.03,75.185
construction.tools.light,santeri,3,0,0,0,,0,59.87,71.15,67.39
construction.tools.light,texet,3,0,0,0,,0,59.13,123.37,80.54333333
construction.tools.light,vertex,3,0,0,0,,0,76.96,105.28,93.37
construction.tools.painting,rezult,3,0,0,0,,0,15.57,15.6,15.59
construction.tools.pump,nivea,3,0,0,0,,0,14.41,14.41,14.41
construction.tools.saw,bosch,3,0,0,0,,0,107.05,491.65,200.835
construction.tools.saw,carver,3,0,0,0,,0,77.22,123.81,97.25666667
construction.tools.saw,londa,3,0,0,0,,0,17.76,17.76,17.76
construction.tools.saw,oral-b,3,0,0,0,,0,33.44,77.2,53.68125
construction.tools.saw,ryobi,3,0,0,0,,0,195.36,252.54,228.7175
construction.tools.screw,valkiria,3,0,0,0,,0,14.16,14.16,14.16
construction.tools.welding,deppa,3,0,0,0,,0,7.7,59.18,24.86
construction.tools.welding,dwt,3,0,0,0,,0,29.47,116.09,87.21666667
construction.tools.welding,hoco,3,0,0,0,,0,4.09,4.09,4.09
construction.tools.welding,lg,3,0,0,0,,0,7.7,10.27,8.128333333
construction.tools.welding,nokia,3,0,0,0,,0,12.84,255.01,174.2866667
construction.tools.welding,scarlett,3,0,0,0,,0,41.55,76.82,64.81909091
construction.tools.welding,x-level,3,0,0,0,,0,5.12,17.99,12.1975
country_yard.cultivator,marko,3,0,0,0,,0,61.24,68.96,65.874
country_yard.cultivator,powerplant,3,1,1,0.3333,1,0.3333,1.44,12.84,9.671428571
country_yard.cultivator,ugreen,3,0,0,0,,0,2.83,8.49,4.716666667
country_yard.cultivator,xiaomi,3,0,0,0,,0,3.06,10.04,6.095
country_yard.furniture.bench,berghoff,3,0,0,0,,0,13.36,13.36,13.36
country_yard.furniture.hammok,axper,3,0,0,0,,0,12.61,12.61,12.61
electronics.audio.acoustic,takamine,3,0,0,0,,0,1298.36,2425.03,1930.8725
electronics.audio.microphone,divalux,3,0,0,0,,0,978.15,978.15,978.15
electronics.audio.microphone,dwt,3,0,0,0,,0,65.74,65.74,65.74
electronics.audio.microphone,vilatte,3,0,0,0,,0,38.35,43.5,41.78333333
electronics.audio.subwoofer,avatar,3,0,0,0,,0,36.03,47.88,43.14
electronics.audio.subwoofer,tognana,3,0,0,0,,0,13.13,13.13,13.13
electronics.camera.photo,braun,3,1,0,0.3333,0,0,43.73,44.03,43.85
electronics.camera.photo,dauscher,3,0,0,0,,0,15.39,20.57,17.71
electronics.camera.photo,maestro,3,0,0,0,,0,36.01,41.16,37.72666667
electronics.camera.photo,panasonic,3,0,0,0,,0,80.89,144.12,114.3716667
electronics.camera.photo,panolino,3,0,0,0,,0,11.69,30.86,24.47
electronics.camera.photo,smeg,3,0,0,0,,0,167.97,177.79,172.635
electronics.clocks,adriatica,3,0,1,0,,0.3333,137.2,205.93,176.005
electronics.clocks,brw,3,0,0,0,,0,441.97,551.37,507.61
electronics.clocks,certina,3,0,0,0,,0,339.78,1750.37,820.2716667
electronics.clocks,klima,3,0,0,0,,0,77.2,118.21,93.075
electronics.clocks,suunto,3,0,0,0,,0,257.15,555.74,356.25
electronics.clocks,wowwee,3,0,0,0,,0,31.64,89.84,75.612
electronics.smartphone,apple,3,2,0,0.6667,0,0,5.12,514.79,356.5766667
electronics.smartphone,sony,3,0,0,0,,0,128.68,488.56,312.0966667
electronics.tablet,crockid,3,0,0,0,,0,3.47,9.91,5.8875
electronics.telephone,bambola,3,0,0,0,,0,38.61,38.61,38.61
electronics.telephone,sony,3,0,0,0,,0,437.57,437.57,437.57
electronics.video.tv,imx,3,0,0,0,,0,241.96,241.96,241.96
furniture.bathroom.bath,galaxy,3,0,0,0,,0,18.49,29.77,22.695
furniture.bathroom.bath,gerat,3,0,0,0,,0,38.41,97.09,57.97
furniture.bathroom.bath,maxwell,3,0,0,0,,0,12.61,23.14,15.59375
furniture.bathroom.toilet,misty,3,0,0,0,,0,129.37,129.37,129.37
furniture.bedroom.bed,polini,3,1,0,0.3333,0,0,136.4,334.6,285.05
furniture.bedroom.bed,vegas,3,0,0,0,,0,810.32,810.32,810.32
furniture.bedroom.blanket,bosch,3,0,0,0,,0,156.99,156.99,156.99
furniture.bedroom.blanket,gorenje,3,0,0,0,,0,138.95,360.34,286.5433333
furniture.bedroom.blanket,horizont,3,0,0,0,,0,58.65,68.81,65.615
furniture.bedroom.blanket,smeg,3,0,0,0,,0,190.96,1283.14,908.0266667
furniture.bedroom.pillow,Unknown,3,0,0,0,,0,0.79,0.79,0.79
furniture.bedroom.pillow,defacto,3,0,0,0,,0,7.7,15.42,9.415
furniture.kitchen.chair,canyon,3,0,0,0,,0,17.99,25.71,21.85
furniture.kitchen.chair,hasbro,3,0,0,0,,0,34.72,64.87,43.5575
furniture.kitchen.chair,powerplant,3,0,0,0,,0,10.29,257.38,81.0725
furniture.kitchen.chair,svc,3,0,0,0,,0,4.9,12.33,7.376666667
furniture.kitchen.chair,victorinox,3,0,0,0,,0,17.5,65.32,38.2325
furniture.kitchen.table,defender,3,0,1,0,,0.3333,5.12,10.27,7.94
furniture.kitchen.table,greyder,3,1,0,0.3333,0,0,61.78,66.93,62.81
furniture.kitchen.table,keenetic,3,0,0,0,,0,36.3,119.82,57.18
furniture.kitchen.table,rieker,3,0,0,0,,0,50.19,92.41,59.33
furniture.kitchen.table,tenda,3,0,0,0,,0,22.03,47.17,32.95
furniture.kitchen.table,visavis,3,0,0,0,,0,25.56,36.29,33.80470588
furniture.living_room.cabinet,saeshin,3,0,0,0,,0,113.26,177.61,151.87
furniture.living_room.chair,aquapick,3,0,0,0,,0,82.37,82.37,82.37
furniture.living_room.chair,ausini,3,0,0,0,,0,7.7,9.5,8.7275
furniture.living_room.chair,revyline,3,0,0,0,,0,69.37,107.72,78.9575
furniture.living_room.shelving,gerat,3,0,0,0,,0,50.71,95.24,70.06
furniture.living_room.sofa,bioderma,3,1,0,0.3333,0,0,14.54,15.7,15.236
furniture.living_room.sofa,farmstay,3,0,0,0,,0,8.73,10.81,9.74
furniture.living_room.sofa,nik,3,0,0,0,,0,514.56,566.04,527.43
furniture.universal.light,akkord,3,1,0,0.3333,0,0,298.26,298.26,298.26
furniture.universal.light,eglo,3,1,0,0.3333,0,0,54.31,666.17,187.6954545
kids.dolls,mart,3,0,0,0,,0,20.57,257.38,124.8175
kids.dolls,panasonic,3,0,0,0,,0,110.63,128.42,122.49
kids.skates,bair,3,0,0,0,,0,154.44,257.41,169.15
kids.skates,dsland,3,0,0,0,,0,540.55,553.42,544.84
kids.skates,peg-perego,3,0,0,0,,0,126.13,1015.79,450.14
kids.skates,tutis,3,0,0,0,,0,435.02,658.96,603.4371429
kids.skates,verdi,3,0,0,0,,0,360.33,514.78,437.555
kids.swing,centek,3,0,0,0,,0,10.77,12.03,11.4
kids.swing,electrolux,3,0,0,0,,0,617.7,1340.92,824.3342857
kids.swing,fender,3,0,0,0,,0,139,643.52,414.6833333
kids.swing,huawei,3,0,0,0,,0,64.33,64.33,64.33
kids.swing,prada,3,0,0,0,,0,12.61,102.96,72.84333333
kids.swing,ray-ban,3,0,0,0,,0,228.32,284.43,254.5833333
kids.swing,samsung,3,0,0,0,,0,797.94,1016.73,968.11
kids.swing,tefal,3,1,0,0.3333,0,0,20.57,23.14,20.99833333
kids.swing,unit,3,0,0,0,,0,10.94,13.45,11.98333333
kids.toys,barmila,3,1,0,0.3333,0,0,6.43,8.98,6.855
kids.toys,imperial,3,0,0,0,,0,182.76,2213.01,1922.974286
kids.toys,metalions,3,1,0,0.3333,0,0,43.5,67.7,58.625
kids.toys,roblox,3,0,0,0,,0,22.74,22.74,22.74
kids.toys,simba,3,0,0,0,,0,12.84,12.84,12.84
kids.toys,tobot,3,0,0,0,,0,47.32,91.38,66.53166667
kids.toys,totaku,3,0,0,0,,0,20.05,20.05,20.05
kids.toys,x-game,3,0,0,0,,0,5.12,6.41,5.4425
sport.bicycle,audio-technica,3,1,0,0.3333,0,0,77.53,314.29,129.5728571
sport.bicycle,clatronic,3,1,1,0.3333,1,0.3333,43.73,43.73,43.73
sport.bicycle,confetti,3,0,0,0,,0,9.01,33.21,17.07666667
sport.bicycle,delonghi,3,0,0,0,,0,61.75,61.75,61.75
sport.bicycle,dsp,3,0,0,0,,0,22.14,30.89,28.7025
sport.bicycle,edifier,3,0,0,0,,0,3.84,10.72,7.518
sport.bicycle,fender,3,0,0,0,,0,116.86,279.29,225.1466667
sport.bicycle,hoco,3,1,0,0.3333,0,0,4.12,15.42,8.769285714
sport.bicycle,maxwell,3,0,0,0,,0,25.71,33.44,29.575
sport.bicycle,scarlett,3,1,0,0.3333,0,0,17.76,43.69,31.75222222
sport.ski,bosch,3,0,0,0,,0,38.59,212.92,99.92555556
sport.ski,hausmann,3,0,0,0,,0,19.9,37.53,28.944
sport.snowboard,adidas,3,0,0,0,,0,32.18,32.18,32.18
sport.snowboard,alesis,3,1,1,0.3333,1,0.3333,68.09,469.51,424.9077778
sport.snowboard,brw,3,0,0,0,,0,113,298.33,181.535
sport.trainer,air-cool,3,0,0,0,,0,13.87,13.87,13.87
sport.trainer,buggy,3,0,0,0,,0,141.57,141.57,141.57
sport.trainer,emsa,3,0,0,0,,0,3.9,19.09,12.075
sport.trainer,gf,3,0,0,0,,0,180.16,437.59,265.97
sport.trainer,huntkey,3,0,0,0,,0,42.21,59.18,54.264
sport.trainer,sony,3,0,0,0,,0,231.41,898.35,451.48
sport.trainer,tramontina,3,0,0,0,,0,18.46,147.25,75.87857143
sport.trainer,wintek,3,0,0,0,,0,36.99,36.99,36.99
stationery.cartrige,icer,3,0,0,0,,0,15.73,43.74,26.30142857
Unknown,accademia,2,0,0,0,,0,80.42,80.42,80.42
Unknown,aeg,2,0,0,0,,0,134.71,134.71,134.71
Unknown,agu,2,0,0,0,,0,43.5,43.5,43.5
Unknown,alexrojo,2,0,0,0,,0,69.5,69.5,69.5
Unknown,alterna,2,0,0,0,,0,191.41,220.02,205.715
Unknown,arrivo,2,0,0,0,,0,22.14,80.31,51.225
Unknown,artex,2,1,0,0.5,0,0,13.13,14.93,13.58
Unknown,ballu,2,0,0,0,,0,50.04,64.33,57.185
Unknown,bardahl,2,0,0,0,,0,23.17,30.63,26.9
Unknown,bmw,2,0,0,0,,0,489.07,900.92,694.995
Unknown,boneco,2,0,0,0,,0,196.89,196.89,196.89
Unknown,camelion,2,0,0,0,,0,2.03,15.34,7.354
Unknown,ching-ching,2,0,0,0,,0,109.4,109.4,109.4
Unknown,comforser,2,0,0,0,,0,55.34,64.09,59.715
Unknown,corsocomo,2,0,0,0,,0,107.85,107.85,107.85
Unknown,crane,2,0,0,0,,0,66.75,66.75,66.75
Unknown,demix,2,0,0,0,,0,47.52,218.09,132.805
Unknown,deutz,2,0,0,0,,0,110.43,110.43,110.43
Unknown,ecotex,2,0,0,0,,0,12.74,76.96,44.85
Unknown,electrolux,2,0,0,0,,0,509.64,725.86,636.1342857
Unknown,elf,2,0,0,0,,0,27,27,27
Unknown,epr,2,0,0,0,,0,321.76,489.07,405.415
Unknown,finezza,2,0,0,0,,0,20.28,24.89,21.51
Unknown,foreman,2,0,0,0,,0,9.91,424.34,217.125
Unknown,fubag,2,0,0,0,,0,199.8,237.59,224.9933333
Unknown,gabriella,2,0,0,0,,0,46.78,46.78,46.78
Unknown,gerat,2,0,0,0,,0,35.13,141.06,96.42823529
Unknown,graphite,2,1,0,0.5,0,0,71.79,71.79,71.79
Unknown,greta,2,0,0,0,,0,154.19,195.28,167.04
Unknown,habilead,2,0,0,0,,0,38.61,62.29,54.39666667
Unknown,hubert,2,0,0,0,,0,28.03,463.57,175.6133333
Unknown,imperial,2,0,0,0,,0,218,345.67,260.5566667
Unknown,jonnesway,2,0,0,0,,0,124.34,336.86,230.6
Unknown,kampfer,2,0,0,0,,0,263.82,271.54,268.9666667
Unknown,kitchenaid,2,0,0,0,,0,114.93,120.98,117.35
Unknown,kiturami,2,0,0,0,,0,444.52,743.11,593.815
Unknown,mantra,2,0,0,0,,0,74.06,85.69,79.875
Unknown,marvel,2,0,0,0,,0,41.19,41.19,41.19
Unknown,master,2,0,0,0,,0,81.08,81.08,81.08
Unknown,mekkan,2,0,0,0,,0,56.93,70.49,61.45
Unknown,merrell,2,0,0,0,,0,233.48,284.96,259.22
Unknown,merry,2,0,1,0,,0.5,19.44,22.72,22.064
Unknown,minerva,2,0,0,0,,0,38.61,50.01,44.31
Unknown,mitasu,2,0,0,0,,0,8.24,25.48,13.98666667
Unknown,mochtoys,2,1,0,0.5,0,0,229.09,249.68,244.5325
Unknown,motul,2,0,0,0,,0,31.66,46.08,41.27333333
Unknown,nitro,2,0,0,0,,0,257.41,257.41,257.41
Unknown,nortec,2,1,0,0.5,0,0,237.32,466.2,275.4666667
Unknown,omabelle,2,0,0,0,,0,1544.44,2033.51,1788.975
Unknown,pasabahce,2,0,0,0,,0,3.45,13.28,6.235
Unknown,pdw,2,0,0,0,,0,435.02,526.14,480.58
Unknown,petro-canada,2,0,0,0,,0,16.06,25.2,21.44333333
Unknown,pioneer,2,0,1,0,,0.5,268.3,1047.77,411.11
Unknown,plantex,2,0,0,0,,0,17.25,17.25,17.25
Unknown,powcan,2,0,0,0,,0,283.15,398.98,341.065
Unknown,powertec,2,0,0,0,,0,952.38,2007.75,1480.065
Unknown,quinshi,2,0,0,0,,0,200.78,223.94,212.36
Unknown,rebus,2,0,0,0,,0,180.77,180.77,180.77
Unknown,riga,2,0,0,0,,0,205.93,216.57,208.59
Unknown,sava,2,0,0,0,,0,57.92,79.54,65.12666667
Unknown,simfer,2,0,0,0,,0,316.58,489.05,359.6975
Unknown,ski-doo,2,0,0,0,,0,484.11,584.91,534.51
Unknown,sky-watcher,2,1,1,0.5,1,0.5,128.68,928.66,674.0554545
Unknown,syntrax,2,0,0,0,,0,47.62,47.62,47.62
Unknown,taili,2,0,0,0,,0,11.58,15.19,12.78333333
Unknown,tamina,2,0,0,0,,0,231.66,231.66,231.66
Unknown,tatami,2,0,0,0,,0,29.34,49.94,39.64
Unknown,tatkraft,2,0,0,0,,0,9.27,20.34,17.98571429
Unknown,teploross,2,0,0,0,,0,164.74,833.97,289.4815385
Unknown,tyrex,2,0,0,0,,0,200.78,559.28,380.03
Unknown,valiant,2,0,0,0,,0,11.84,11.84,11.84
Unknown,verran,2,1,0,0.5,0,0,10.04,14.41,14.16722222
Unknown,vossen,2,0,0,0,,0,321.76,463.33,416.14
Unknown,xxr,2,0,0,0,,0,1006.91,1075.91,1052.91
Unknown,yacco,2,0,0,0,,0,10.3,36.42,27.71333333
Unknown,znlux,2,0,0,0,,0,60.49,115.83,78.93666667
accessories.bag,chicco,2,0,0,0,,0,43.73,64.33,52.55857143
accessories.bag,crockid,2,0,0,0,,0,7.08,12.36,10.17
accessories.bag,fissman,2,0,0,0,,0,61.78,154.19,123.3866667
accessories.bag,greenpan,2,0,0,0,,0,29.01,122.32,75.665
accessories.bag,karcher,2,0,0,0,,0,85.18,177.96,131.57
accessories.bag,kidi,2,0,0,0,,0,18.02,18.02,18.02
accessories.bag,maestro,2,0,0,0,,0,52.83,52.83,52.83
accessories.bag,outventure,2,0,0,0,,0,115.12,182.05,148.585
accessories.bag,pampers,2,0,0,0,,0,4.88,15.28,10.08
accessories.bag,pyrex,2,0,0,0,,0,9.76,9.76,9.76
accessories.bag,roncato,2,0,0,0,,0,28.29,28.29,28.29
accessories.bag,stels,2,0,0,0,,0,23.27,78.25,59.92333333
accessories.bag,tramontina,2,0,0,0,,0,69.95,77.02,71.12833333
accessories.bag,unipump,2,0,0,0,,0,103.73,182.76,143.245
accessories.umbrella,brw,2,1,1,0.5,1,0.5,592.29,680.58,627.606
accessories.umbrella,defacto,2,0,0,0,,0,12.84,25.71,17.62285714
accessories.wallet,artway,2,0,0,0,,0,90.09,90.09,90.09
accessories.wallet,harper,2,0,0,0,,0,25.46,25.46,25.46
accessories.wallet,intego,2,0,0,0,,0,145.92,145.92,145.92
accessories.wallet,mio,2,0,0,0,,0,90.09,129.33,99.9
accessories.wallet,uni-t,2,0,0,0,,0,27.54,90.35,69.41333333
apparel.costume,b.well,2,0,0,0,,0,56.63,82.37,69.5
apparel.costume,bosch,2,1,0,0.5,0,0,49.41,80.23,71.33
apparel.costume,denzel,2,0,0,0,,0,254.74,1224.2,739.47
apparel.costume,dion,2,0,0,0,,0,29.6,32.18,30.116
apparel.costume,firman,2,0,0,0,,0,368.16,1675.58,1027.204
apparel.costume,harley-davidson,2,0,0,0,,0,114.55,114.55,114.55
apparel.costume,maxwell,2,0,0,0,,0,5.12,7.7,6.41
apparel.costume,metabo,2,0,0,0,,0,244.75,244.75,244.75
apparel.costume,missha,2,0,0,0,,0,18.02,20.34,19.76
apparel.costume,myprotein,2,0,0,0,,0,34.67,131.11,82.89
apparel.costume,samsung,2,0,0,0,,0,244.25,772.19,330.7757143
apparel.costume,ultraflash,2,0,0,0,,0,7.97,9.8,8.885
apparel.glove,homy,2,1,0,0.5,0,0,37.32,37.32,37.32
apparel.glove,neoline,2,0,0,0,,0,9.76,13.42,11.59
apparel.glove,ritmix,2,0,0,0,,0,6.45,24.36,17.914
apparel.jacket,Unknown,2,0,0,0,,0,84.92,90.09,87.505
apparel.jacket,ccm,2,0,0,0,,0,149.3,149.3,149.3
apparel.jacket,defacto,2,0,0,0,,0,7.7,8.98,8.553333333
apparel.jeans,gpo,2,0,0,0,,0,191.72,660.51,426.115
apparel.jeans,kreslocomfort,2,0,0,0,,0,64.35,64.35,64.35
apparel.jumper,dewalt,2,0,0,0,,0,180.17,1256.27,718.22
apparel.jumper,dremel,2,2,0,1,0,0,36.77,37.89,37.834
apparel.jumper,ryobi,2,0,0,0,,0,41.71,41.71,41.71
apparel.jumper,stanley,2,0,0,0,,0,15.44,45.28,30.36
apparel.scarf,bernina,2,0,0,0,,0,473.37,1233.08,716.9675
apparel.scarf,chicco,2,0,0,0,,0,12.84,14.13,13.27
apparel.scarf,crown,2,0,2,0,,1,3.89,7.4,6.698
apparel.scarf,elna,2,0,0,0,,0,295.99,390.34,359.6575
apparel.scarf,gembird,2,0,0,0,,0,9.4,13.68,12.06
apparel.scarf,genius,2,0,0,0,,0,11.34,37.87,24.605
apparel.scarf,gungho,2,0,0,0,,0,54.96,54.96,54.96
apparel.scarf,hp,2,0,0,0,,0,68.39,141.24,116.9566667
apparel.scarf,hyperx,2,0,0,0,,0,92.17,112.46,104.85125
apparel.scarf,lenovo,2,0,0,0,,0,30.63,105.02,67.825
apparel.scarf,msi,2,0,0,0,,0,47,91.79,76.86
apparel.scarf,mz,2,0,0,0,,0,14.13,14.13,14.13
apparel.scarf,nintendo,2,0,0,0,,0,69.24,69.24,69.24
apparel.scarf,oklick,2,0,0,0,,0,45.49,45.49,45.49
apparel.scarf,rapoo,2,0,0,0,,0,17.99,43.73,37.295
apparel.scarf,redragon,2,1,0,0.5,0,0,50.45,76.96,55.76833333
apparel.scarf,ritmix,2,0,0,0,,0,9.98,9.98,9.98
apparel.scarf,thermaltake,2,0,0,0,,0,72.33,154.18,113.255
apparel.scarf,toyota,2,0,0,0,,0,225.75,225.75,225.75
apparel.scarf,trust,2,0,0,0,,0,28.1,28.1,28.1
apparel.scarf,veritas,2,0,0,0,,0,252.01,337.77,313.2671429
apparel.shirt,babybotte,2,0,0,0,,0,56.11,67.44,61.775
apparel.shirt,bartek,2,0,0,0,,0,13.39,13.39,13.39
apparel.shirt,dariush,2,0,0,0,,0,77.22,115.83,96.525
apparel.shirt,galacticos,2,0,0,0,,0,2.7,3.73,3.361428571
apparel.shirt,garnier,2,0,0,0,,0,1.76,2,1.88
apparel.shirt,grizzly,2,0,0,0,,0,16.19,17.36,16.775
apparel.shirt,mateus,2,0,0,0,,0,120.72,245.82,183.27
apparel.shirt,metabo,2,0,0,0,,0,274.91,274.91,274.91
apparel.shirt,paso,2,0,0,0,,0,26.4,36.49,31.445
apparel.shirt,ritmix,2,0,0,0,,0,3.93,3.93,3.93
apparel.shirt,similac,2,0,0,0,,0,10.53,12.33,11.43
apparel.shirt,tiod,2,0,0,0,,0,10.11,19.28,14.695
apparel.shirt,vilatte,2,0,0,0,,0,25.48,25.48,25.48
apparel.shirt,z.a.i.n.,2,0,0,0,,0,24.69,25.83,25.26
apparel.shoes,arsi,2,0,0,0,,0,42.99,63.06,56.03
apparel.shoes,bourjois,2,0,0,0,,0,6.31,10.68,7.4025
apparel.shoes,carters,2,0,0,0,,0,19.95,24.58,22.265
apparel.shoes,cenmax,2,0,0,0,,0,80.99,80.99,80.99
apparel.shoes,centurion,2,0,0,0,,0,33.46,110.43,52.7025
apparel.shoes,colourpop,2,0,0,0,,0,30.89,30.89,30.89
apparel.shoes,concept,2,0,0,0,,0,6.56,13.64,10.85333333
apparel.shoes,davinci,2,0,0,0,,0,36.04,36.04,36.04
apparel.shoes,dearest,2,0,0,0,,0,48.91,61.78,59.206
apparel.shoes,disney,2,0,0,0,,0,32.43,84.94,67.43666667
apparel.shoes,dowontec,2,0,0,0,,0,411.85,411.85,411.85
apparel.shoes,efremov,2,0,0,0,,0,54.06,54.06,54.06
apparel.shoes,gabor,2,0,0,0,,0,107.85,107.85,107.85
apparel.shoes,graco,2,1,0,0.5,0,0,185.08,185.08,185.08
apparel.shoes,greenway,2,0,0,0,,0,72.07,180.18,136.936
apparel.shoes,kovea,2,0,0,0,,0,38.59,51.46,45.025
apparel.shoes,lamart,2,0,0,0,,0,14.65,15.93,15.46166667
apparel.shoes,micuna,2,0,0,0,,0,673.02,1073.9,953.73
apparel.shoes,mora,2,0,0,0,,0,54.2,178.64,116.42
apparel.shoes,navitel,2,0,0,0,,0,79.77,144.12,128.0325
apparel.shoes,nexpero,2,0,0,0,,0,47.36,47.36,47.36
apparel.shoes,pandect,2,0,0,0,,0,308.89,397.14,338.3066667
apparel.shoes,proaction,2,0,0,0,,0,38.61,38.61,38.61
apparel.shoes,prologic,2,0,0,0,,0,72.56,72.56,72.56
apparel.shoes,remington,2,1,0,0.5,0,0,39.61,39.61,39.61
apparel.shoes,rhythm,2,0,0,0,,0,99.1,135.78,111.3266667
apparel.shoes,spur,2,0,0,0,,0,34.49,38.35,36.42
apparel.shoes,stiga,2,0,0,0,,0,52.75,145.41,110.6625
apparel.shoes,suave,2,0,0,0,,0,105.54,106.82,106.3933333
apparel.shoes,sun,2,0,0,0,,0,18.53,48.91,33.72
apparel.shoes,tefal,2,0,0,0,,0,30.86,37.32,35.3775
apparel.shoes,tognana,2,0,0,0,,0,7.46,38.61,23.035
apparel.shoes,torneo,2,0,0,0,,0,57.9,78.49,68.195
apparel.shoes,uni-t,2,0,0,0,,0,22.91,139.51,113.6971429
apparel.shoes,vdk,2,0,0,0,,0,102.96,102.96,102.96
apparel.shoes,welss,2,0,0,0,,0,17.99,90.07,66.04333333
apparel.shoes.ballet_shoes,defacto,2,0,0,0,,0,3.84,12.84,7.266666667
apparel.shoes.ballet_shoes,respect,2,0,0,0,,0,26.77,31.92,29.345
apparel.shoes.ballet_shoes,thule,2,0,0,0,,0,749.05,996.16,872.605
apparel.shoes.keds,babys,2,0,0,0,,0,45.05,45.05,45.05
apparel.shoes.keds,baden,2,0,0,0,,0,64.09,74.39,69.24
apparel.shoes.keds,calypso,2,0,0,0,,0,256.63,256.63,256.63
apparel.shoes.keds,carlsbad,2,0,0,0,,0,243.01,243.01,243.01
apparel.shoes.keds,chicco,2,0,0,0,,0,146.7,146.7,146.7
apparel.shoes.keds,converse,2,0,0,0,,0,51.46,56.6,54.03
apparel.shoes.keds,dji,2,0,0,0,,0,407.84,407.84,407.84
apparel.shoes.keds,fassen,2,0,0,0,,0,44.79,44.79,44.79
apparel.shoes.keds,humminbird,2,0,0,0,,0,259.21,1016.76,605.266
apparel.shoes.keds,lorelli,2,0,0,0,,0,45.56,45.56,45.56
apparel.shoes.keds,nike,2,0,0,0,,0,144.12,159.33,149.19
apparel.shoes.keds,polaris,2,0,0,0,,0,38.59,64.33,54.034
apparel.shoes.keds,rondell,2,0,0,0,,0,55.33,55.33,55.33
apparel.shoes.keds,shenma,2,0,0,0,,0,25.71,56.11,40.91
apparel.shoes.moccasins,baden,2,0,0,0,,0,50.71,58.95,54.83
apparel.shoes.moccasins,bosch,2,0,0,0,,0,93.8,178.75,127.8333333
apparel.shoes.moccasins,galaxy,2,0,0,0,,0,24.43,24.43,24.43
apparel.shoes.moccasins,karcher,2,0,0,0,,0,90.07,370.64,230.355
apparel.shoes.moccasins,krause,2,0,0,0,,0,40.95,113.13,77.04
apparel.shoes.moccasins,omron,2,0,0,0,,0,52.03,52.03,52.03
apparel.shoes.moccasins,sirius,2,0,0,0,,0,13.13,13.13,13.13
apparel.shoes.sandals,azzaro,2,0,0,0,,0,50.19,50.19,50.19
apparel.shoes.sandals,hermes,2,0,0,0,,0,128.42,185.33,171.1025
apparel.shoes.sandals,huter,2,1,0,0.5,0,0,64.04,186.31,149.228
apparel.shoes.sandals,hyundai,2,0,0,0,,0,226.52,226.52,226.52
apparel.shoes.sandals,respect,2,0,0,0,,0,32.18,43.5,36.72333333
apparel.shoes.sandals,valentino,2,0,0,0,,0,87.52,105.54,92.025
apparel.shoes.sandals,viking,2,0,0,0,,0,682.39,2426.32,1554.355
apparel.shoes.slipons,acer,2,0,0,0,,0,154.42,154.42,154.42
apparel.shoes.slipons,biostar,2,0,0,0,,0,47.49,62.57,55.03
apparel.shoes.slipons,braun,2,0,0,0,,0,72.05,100.36,93.2825
apparel.shoes.slipons,hp,2,0,0,0,,0,240.59,271.29,250.8233333
apparel.shoes.slipons,nexttab,2,0,0,0,,0,51.46,72.05,61.755
apparel.shoes.step_ins,medi,2,0,0,0,,0,91.79,497.23,406.1433333
apparel.shorts,cersanit,2,0,0,0,,0,121.97,171.97,134.47
apparel.shorts,defacto,2,0,0,0,,0,7.7,7.7,7.7
apparel.shorts,logitech,2,0,1,0,,0.5,33.21,455.58,303.106
apparel.shorts,mystar,2,0,0,0,,0,900.9,900.9,900.9
apparel.shorts,thrustmaster,2,0,0,0,,0,154.42,293.42,223.92
apparel.skirt,Unknown,2,0,0,0,,0,970.42,970.42,970.42
apparel.sock,greyder,2,0,0,0,,0,119.69,119.69,119.69
apparel.sock,mastela,2,0,0,0,,0,64.35,64.35,64.35
apparel.sock,milavitsa,2,0,0,0,,0,51.46,87.35,65.30666667
apparel.sock,torneo,2,0,0,0,,0,111.68,111.68,111.68
apparel.trousers,inswim,2,0,0,0,,0,28.31,33.46,30.02666667
apparel.trousers,tacx,2,0,0,0,,0,161.91,1544.18,889.7275
apparel.tshirt,berkut,2,0,0,0,,0,146.72,309.92,211.6525
apparel.tshirt,denzel,2,0,0,0,,0,26.61,26.61,26.61
apparel.tshirt,essence,2,0,0,0,,0,1.54,2.06,1.886666667
apparel.tshirt,ga-de,2,1,0,0.5,0,0,5.76,8.45,7.7775
apparel.tshirt,sinbo,2,0,0,0,,0,33.46,33.46,33.46
apparel.tshirt,smile,2,0,1,0,,0.5,33.84,33.84,33.84
apparel.underwear,cort,2,0,0,0,,0,349.3,440.17,426.19
apparel.underwear,cortland,2,0,0,0,,0,77.2,77.2,77.2
apparel.underwear,decocode,2,0,0,0,,0,11.58,11.58,11.58
apparel.underwear,gerat,2,0,0,0,,0,2.45,6.95,5.45
apparel.underwear,korg,2,0,0,0,,0,195.89,837.34,516.615
apparel.underwear,murella,2,0,0,0,,0,54.18,57.79,55.985
apparel.underwear,panolino,2,0,0,0,,0,15.29,15.29,15.29
apparel.underwear,peavey,2,0,0,0,,0,68.47,68.47,68.47
apparel.underwear,romax,2,0,0,0,,0,83.66,88.03,85.11666667
apparel.underwear,vilia,2,0,0,0,,0,12.48,12.48,12.48
appliances.environment.air_conditioner,Unknown,2,0,0,0,,0,157.02,257.68,222.985
appliances.environment.air_conditioner,dewalt,2,0,0,0,,0,257.39,257.39,257.39
appliances.environment.air_conditioner,otex,2,0,0,0,,0,225.75,415.71,349.4642857
appliances.environment.air_conditioner,snowcap,2,0,0,0,,0,156.76,156.76,156.76
appliances.environment.air_heater,colorful,2,0,0,0,,0,167.06,228.45,196.7714286
appliances.environment.air_heater,pny,2,0,0,0,,0,385.85,385.85,385.85
appliances.environment.climate,lg,2,0,0,0,,0,1184.05,1184.05,1184.05
appliances.environment.climate,romer,2,0,0,0,,0,92.41,92.41,92.41
appliances.environment.climate,spur,2,0,0,0,,0,25.74,38.35,32.045
appliances.environment.vacuum,bissell,2,0,0,0,,0,315.43,518.13,430.475
appliances.environment.vacuum,denzel,2,0,0,0,,0,487.76,487.76,487.76
appliances.environment.vacuum,dsp,2,0,0,0,,0,50.45,50.45,50.45
appliances.environment.vacuum,hitachi,2,0,0,0,,0,291.76,303.92,301.8933333
appliances.environment.vacuum,roborock,2,0,0,0,,0,475.95,475.95,475.95
appliances.environment.vacuum,rovus,2,0,0,0,,0,102.94,332.05,199.732
appliances.environment.vacuum,snowcap,2,0,0,0,,0,41.96,47.36,45.56
appliances.ironing_board,eglo,2,0,0,0,,0,82.37,104.25,93.31
appliances.ironing_board,line,2,0,0,0,,0,35.72,37.36,36.9875
appliances.kitchen.blender,gorenje,2,0,0,0,,0,22.91,56.6,39.755
appliances.kitchen.blender,kitchenaid,2,0,0,0,,0,195.09,1021.67,407.9042857
appliances.kitchen.blender,nutribullet,2,0,0,0,,0,46.33,154.42,127.3975
appliances.kitchen.blender,saturn,2,0,0,0,,0,10.27,61.49,48.685
appliances.kitchen.coffee_grinder,trollbeads,2,0,0,0,,0,312.88,312.88,312.88
appliances.kitchen.dishwasher,electrolux,2,0,0,0,,0,435.07,738.73,623.1855556
appliances.kitchen.dishwasher,gorenje,2,0,0,0,,0,475.82,592.01,562.9625
appliances.kitchen.grill,araton,2,0,0,0,,0,46.84,46.84,46.84
appliances.kitchen.grill,braun,2,1,0,0.5,0,0,48.88,53.8,50.90363636
appliances.kitchen.grill,char-broil,2,0,0,0,,0,401.55,592.04,496.795
appliances.kitchen.grill,crybabies,2,0,0,0,,0,54.06,54.06,54.06
appliances.kitchen.grill,hairdorables,2,0,0,0,,0,22.39,28.29,25.34
appliances.kitchen.grill,maxwell,2,1,0,0.5,0,0,19.28,19.28,19.28
appliances.kitchen.grill,medela,2,0,0,0,,0,38.12,108.53,90.9275
appliances.kitchen.grill,petek,2,0,0,0,,0,48.39,81.34,59.1375
appliances.kitchen.hob,crown,2,0,0,0,,0,132.54,132.54,132.54
appliances.kitchen.hob,danke,2,0,0,0,,0,96.88,96.88,96.88
appliances.kitchen.hob,darina,2,0,0,0,,0,218.59,308.68,263.635
appliances.kitchen.hob,hotpoint-ariston,2,0,0,0,,0,212.6,233.96,223.28
appliances.kitchen.hob,indesit,2,0,0,0,,0,163.94,351.59,257.765
appliances.kitchen.hob,simfer,2,0,0,0,,0,77.2,102.94,90.068
appliances.kitchen.hood,aeroforce,2,0,0,0,,0,66.15,66.15,66.15
appliances.kitchen.hood,einhell,2,0,0,0,,0,39.9,39.9,39.9
appliances.kitchen.hood,fubag,2,0,0,0,,0,84.26,84.26,84.26
appliances.kitchen.hood,total,2,0,0,0,,0,25.71,25.71,25.71
appliances.kitchen.hood,wortex,2,0,0,0,,0,38.59,38.59,38.59
appliances.kitchen.juicer,amarobaby,2,0,0,0,,0,32.18,64.09,44.944
appliances.kitchen.juicer,crucial,2,0,0,0,,0,29.52,149.55,89.535
appliances.kitchen.juicer,disney,2,0,0,0,,0,28.89,28.89,28.89
appliances.kitchen.juicer,hp,2,0,0,0,,0,87.54,949.91,518.725
appliances.kitchen.juicer,hyperx,2,0,0,0,,0,25.74,180.16,45.0425
appliances.kitchen.juicer,lenovo,2,0,0,0,,0,23.4,638.74,331.07
appliances.kitchen.juicer,lol,2,0,0,0,,0,23.15,23.15,23.15
appliances.kitchen.juicer,plextor,2,0,0,0,,0,44.47,72.33,53.75666667
appliances.kitchen.juicer,vladi,2,0,0,0,,0,32.95,32.95,32.95
appliances.kitchen.kettle,alteco,2,0,0,0,,0,74.65,74.65,74.65
appliances.kitchen.kettle,apollo,2,0,0,0,,0,11.58,11.58,11.58
appliances.kitchen.kettle,bauer,2,0,0,0,,0,83.17,196.89,158.9833333
appliances.kitchen.kettle,berghoff,2,0,0,0,,0,4.09,6.15,4.605
appliances.kitchen.kettle,crown,2,0,0,0,,0,39.96,111.97,76.6575
appliances.kitchen.kettle,defender,2,0,0,0,,0,5.08,17.32,11.2
appliances.kitchen.kettle,dwt,2,0,0,0,,0,36.17,61.78,48.975
appliances.kitchen.kettle,makita,2,0,0,0,,0,173.16,254.5,213.83
appliances.kitchen.meat_grinder,baden,2,0,0,0,,0,44.79,44.79,44.79
appliances.kitchen.meat_grinder,burgerschuhe,2,0,0,0,,0,53.03,94.21,78.68333333
appliances.kitchen.meat_grinder,fly,2,0,0,0,,0,50.97,88.81,60.43
appliances.kitchen.meat_grinder,greyder,2,0,0,0,,0,72.07,104.25,82.79666667
appliances.kitchen.mixer,doohan,2,0,0,0,,0,1090.63,1090.63,1090.63
appliances.kitchen.mixer,joyor,2,0,0,0,,0,334.37,334.37,334.37
appliances.kitchen.mixer,micro,2,0,0,0,,0,51.48,119.69,83.1725
appliances.kitchen.mixer,nanrobot,2,0,0,0,,0,759.35,1644.83,1202.09
appliances.kitchen.mixer,penny,2,0,0,0,,0,41.16,43.73,42.445
appliances.kitchen.mixer,philips,2,0,0,0,,0,56.6,77.2,75.14
appliances.kitchen.mixer,scooter,2,0,0,0,,0,64.35,126.32,95.335
appliances.kitchen.mixer,zelmer,2,1,0,0.5,0,0,43.47,45.02,44.78153846
appliances.kitchen.oven,darina,2,0,0,0,,0,198.18,198.18,198.18
appliances.kitchen.oven,electrolux,2,0,0,0,,0,419.54,509.49,464.515
appliances.kitchen.oven,indesit,2,0,0,0,,0,234.21,234.21,234.21
appliances.kitchen.oven,krona,2,0,0,0,,0,192.8,192.8,192.8
appliances.kitchen.oven,neo,2,0,0,0,,0,94.26,99.97,96.544
appliances.kitchen.oven,saturn,2,0,0,0,,0,58.69,58.69,58.69
appliances.kitchen.refrigerators,coolfort,2,0,0,0,,0,59.18,77.2,63.685
appliances.kitchen.refrigerators,gorenje,2,0,0,0,,0,283.12,303.74,293.43
appliances.kitchen.refrigerators,hitachi,2,0,0,0,,0,2328.98,2328.98,2328.98
appliances.kitchen.refrigerators,hotpoint-ariston,2,0,0,0,,0,484.53,532.83,508.68
appliances.kitchen.refrigerators,leadbros,2,0,0,0,,0,133.85,290.87,212.36
appliances.kitchen.refrigerators,mebelson,2,0,0,0,,0,170.89,170.89,170.89
appliances.kitchen.refrigerators,optima,2,0,0,0,,0,247.45,285.59,277.962
appliances.kitchen.refrigerators,signal,2,0,0,0,,0,197.19,236.63,216.91
appliances.kitchen.refrigerators,vivo,2,0,0,0,,0,411.59,411.59,411.59
appliances.kitchen.toster,airwheel,2,0,0,0,,0,281.84,495.06,370.53
appliances.kitchen.toster,alesis,2,0,0,0,,0,135.89,135.89,135.89
appliances.kitchen.toster,bbk,2,0,0,0,,0,120.72,120.72,120.72
appliances.kitchen.toster,dji,2,0,0,0,,0,1027.65,1118.79,1058.03
appliances.kitchen.toster,graffiti,2,0,0,0,,0,128.38,137.85,133.115
appliances.kitchen.toster,kona,2,0,0,0,,0,437.59,437.59,437.59
appliances.kitchen.toster,leem,2,0,0,0,,0,115.83,154.19,128.6166667
appliances.kitchen.toster,liv,2,0,0,0,,0,187.65,463.07,325.36
appliances.kitchen.toster,m-audio,2,0,0,0,,0,99.04,165.05,121.0422222
appliances.kitchen.toster,scarlett,2,1,1,0.5,1,0.5,20.57,24.05,23.47
appliances.kitchen.toster,viewmaster,2,0,0,0,,0,56.08,56.08,56.08
appliances.kitchen.washer,hansa,2,0,0,0,,0,302.01,321.51,305.91
appliances.kitchen.washer,whirlpool,2,0,0,0,,0,280.55,376.3,306.7183333
appliances.personal.hair_cutter,bene,2,0,0,0,,0,11.27,11.27,11.27
appliances.personal.hair_cutter,wahl,2,0,0,0,,0,12.19,92.36,70.7725
appliances.personal.massager,adata,2,0,0,0,,0,51.65,154.16,81.23428571
appliances.personal.massager,akpo,2,0,0,0,,0,95.62,224,152.0466667
appliances.personal.massager,alborz,2,1,0,0.5,0,0,187.37,273.34,208.8625
appliances.personal.massager,cata,2,0,0,0,,0,275.99,973.24,624.615
appliances.personal.massager,cersanit,2,0,0,0,,0,29.55,56.88,43.27
appliances.personal.massager,darina,2,0,0,0,,0,59,122.37,83.00875
appliances.personal.massager,ducray,2,1,1,0.5,1,0.5,8.62,22.75,11.55125
appliances.personal.massager,electrolux,2,0,0,0,,0,169.81,226.23,182.3157143
appliances.personal.massager,falmec,2,0,0,0,,0,275.46,275.46,275.46
appliances.personal.massager,hubert,2,0,0,0,,0,119.41,172.44,137.0866667
appliances.personal.massager,irbis,2,0,0,0,,0,136.4,136.4,136.4
appliances.personal.massager,lenovo,2,0,0,0,,0,224.69,303.48,277.2166667
appliances.personal.massager,mbs,2,0,0,0,,0,78.74,78.74,78.74
appliances.personal.massager,midea,2,0,0,0,,0,40.67,215.4,92.46
appliances.personal.massager,sensis,2,0,0,0,,0,51.74,51.74,51.74
appliances.personal.massager,simfer,2,0,0,0,,0,138.97,138.97,138.97
appliances.personal.massager,smart,2,0,0,0,,0,54.7,85.33,70.015
appliances.personal.massager,transcend,2,0,0,0,,0,63.01,106.79,72.39833333
appliances.personal.massager,verbatim,2,0,0,0,,0,47.93,55.11,51.52
appliances.personal.massager,xg,2,0,0,0,,0,288,288,288
appliances.personal.scales,bax,2,0,0,0,,0,46.08,107.86,87.91
appliances.personal.scales,einhell,2,0,0,0,,0,123.56,123.56,123.56
appliances.sewing_machine,leader,2,0,0,0,,0,108.04,108.04,108.04
appliances.sewing_machine,polaris,2,0,0,0,,0,38.33,38.33,38.33
appliances.sewing_machine,veritas,2,0,0,0,,0,151.1,161.19,157.8266667
auto.accessories.alarm,appollo,2,0,0,0,,0,54.06,54.06,54.06
auto.accessories.alarm,swat,2,0,0,0,,0,46.08,46.08,46.08
auto.accessories.anti_freeze,pablosky,2,0,0,0,,0,30.89,46.59,36.165
auto.accessories.compressor,airline,2,0,0,0,,0,48.07,48.07,48.07
auto.accessories.light,nova,2,1,0,0.5,0,0,92.67,231.67,203.87
auto.accessories.parktronic,flambeau,2,0,0,0,,0,19.87,82.34,51.105
auto.accessories.parktronic,plano,2,0,0,0,,0,21.35,21.35,21.35
auto.accessories.radar,audio-technica,2,0,0,0,,0,38.35,38.35,38.35
auto.accessories.radar,ritmix,2,0,0,0,,0,2.9,3.58,3.126666667
auto.accessories.radar,shure,2,0,0,0,,0,72.33,428.07,190.91
auto.accessories.videoregister,brumer,2,0,0,0,,0,141.57,141.57,141.57
auto.accessories.winch,keune,2,0,0,0,,0,9.01,40.09,30.97
computers.components.cooler,artel,2,0,0,0,,0,48.11,54.03,51.135
computers.components.cooler,bosch,2,0,0,0,,0,151.84,180.16,161.28
computers.components.cooler,centek,2,0,0,0,,0,41.15,41.15,41.15
computers.components.cooler,first,2,0,0,0,,0,20.57,20.57,20.57
computers.components.cooler,mutant,2,0,0,0,,0,12.23,14.03,12.83
computers.components.cooler,smeg,2,0,0,0,,0,213.26,414.95,364.5275
computers.components.cooler,unit,2,0,0,0,,0,92.41,92.41,92.41
computers.components.motherboard,omabelle,2,0,0,0,,0,257.41,334.63,305.02875
computers.components.motherboard,tamina,2,0,0,0,,0,205.92,347.5,293.44
computers.components.videocards,garvalin,2,0,0,0,,0,47.11,72.07,61.62916667
computers.components.videocards,msi,2,0,0,0,,0,205.9,463.31,291.7033333
computers.components.videocards,sapphire,2,0,0,0,,0,200.52,406.19,337.6333333
computers.desktop,caprice,2,0,0,0,,0,71.82,82.11,73.9725
computers.desktop,eco,2,0,0,0,,0,180.16,195.6,190.4533333
computers.desktop,ezviz,2,0,0,0,,0,53.77,69.22,66.645
computers.desktop,fisher-price,2,0,0,0,,0,24.45,51.46,37.955
computers.desktop,lemark,2,0,0,0,,0,52.14,168.35,110.245
computers.desktop,lenovo,2,0,0,0,,0,643.49,1265.93,850.97
computers.desktop,lorelli,2,0,0,0,,0,8.24,30.37,15.61666667
computers.desktop,mideer,2,0,0,0,,0,9.01,45.05,27.03
computers.desktop,pituso,2,0,0,0,,0,45.82,53.54,49.68
computers.ebooks,Unknown,2,1,1,0.5,1,0.5,19.05,67.89,30.05375
computers.ebooks,bosch,2,0,0,0,,0,95.24,99.82,97.53
computers.notebook,dell,2,0,0,0,,0,725.63,843.97,784.8
computers.notebook,selena,2,0,0,0,,0,18.76,19.84,19.03
computers.peripherals.camera,apollo,2,0,0,0,,0,10.27,10.27,10.27
computers.peripherals.camera,gipfel,2,0,0,0,,0,33.95,44.95,37.09285714
computers.peripherals.mouse,asus,2,0,0,0,,0,171.35,205.4,188.375
computers.peripherals.mouse,celestron,2,0,0,0,,0,69.5,141.57,105.535
computers.peripherals.mouse,corsair,2,0,0,0,,0,99.1,231.31,165.205
computers.peripherals.mouse,corsocomo,2,1,0,0.5,0,0,110.43,110.43,110.43
computers.peripherals.mouse,olympus,2,0,0,0,,0,76.96,149.04,138.7428571
computers.peripherals.printer,diamant,2,0,0,0,,0,241.71,241.71,241.71
computers.peripherals.printer,merelani,2,0,0,0,,0,42.47,101.16,71.815
computers.peripherals.printer,teosa,2,0,0,0,,0,25.74,60.88,41.224
construction.components.faucet,diamant,2,0,1,0,,0.5,98.33,135.4,122.7833333
construction.components.faucet,favory,2,0,0,0,,0,136.94,1940.51,587.8325
construction.components.faucet,vega,2,0,0,0,,0,24.71,35.52,28.31333333
construction.tools.axe,Unknown,2,0,0,0,,0,7.67,9.04,8.355
construction.tools.drill,bata,2,0,0,0,,0,64.35,64.35,64.35
construction.tools.drill,esab,2,0,0,0,,0,101.5,101.5,101.5
construction.tools.drill,fubag,2,0,0,0,,0,34.75,88.52,68.26190476
construction.tools.drill,gladen,2,0,0,0,,0,211.07,283.15,241.5942857
construction.tools.drill,marko,2,0,0,0,,0,50.94,50.94,50.94
construction.tools.drill,peak,2,0,0,0,,0,77.2,98.84,88.02
construction.tools.drill,syma,2,0,0,0,,0,77.22,195.63,115.316
construction.tools.generator,fissman,2,0,0,0,,0,32.56,71.56,47.568
construction.tools.generator,galaxy,2,0,0,0,,0,11.26,14.11,12.80428571
construction.tools.generator,tvs,2,0,0,0,,0,40.83,47.12,44.604
construction.tools.generator,verloni,2,0,0,0,,0,7.7,11.56,9.63
construction.tools.light,blueidea,2,0,0,0,,0,32.69,32.69,32.69
construction.tools.light,ferrino,2,0,0,0,,0,165.26,487.27,330.64
construction.tools.light,grohe,2,0,0,0,,0,196.37,245.8,229.3233333
construction.tools.light,haday,2,0,0,0,,0,33.46,33.46,33.46
construction.tools.light,housefit,2,0,0,0,,0,334.16,334.16,334.16
construction.tools.light,philips,2,0,0,0,,0,87.52,87.52,87.52
construction.tools.light,rieker,2,0,0,0,,0,39.38,39.38,39.38
construction.tools.light,rosio,2,0,0,0,,0,105.54,617.78,237.332
construction.tools.light,ryobi,2,0,0,0,,0,340.7,340.7,340.7
construction.tools.light,sanita,2,0,0,0,,0,64.02,89.65,72.7875
construction.tools.light,yamaguchi,2,0,0,0,,0,149.17,149.17,149.17
construction.tools.pump,acm,2,0,0,0,,0,3.86,3.86,3.86
construction.tools.pump,atlant,2,0,0,0,,0,61.78,66.93,63.49666667
construction.tools.saw,colgate,2,0,0,0,,0,14.39,14.39,14.39
construction.tools.saw,crown,2,0,0,0,,0,102.55,102.55,102.55
construction.tools.saw,dewalt,2,0,0,0,,0,315.32,315.32,315.32
construction.tools.saw,dox,2,0,0,0,,0,6.44,6.44,6.44
construction.tools.saw,edon,2,0,0,0,,0,35.52,35.52,35.52
construction.tools.saw,femi,2,0,0,0,,0,1714.33,1714.33,1714.33
construction.tools.saw,nioxin,2,0,0,0,,0,41.19,41.19,41.19
construction.tools.saw,stanley,2,0,0,0,,0,4.5,36.42,20.03333333
construction.tools.soldering,Unknown,2,0,0,0,,0,74.65,144.15,126.775
construction.tools.welding,deko,2,0,0,0,,0,89.84,89.84,89.84
construction.tools.welding,huawei,2,0,0,0,,0,4.09,4.09,4.09
construction.tools.welding,kisswill,2,0,0,0,,0,2.57,2.57,2.57
construction.tools.welding,laston,2,0,0,0,,0,79.47,87.63,82.19
construction.tools.welding,levenhuk,2,0,0,0,,0,166.1,166.1,166.1
construction.tools.welding,toto,2,0,0,0,,0,6.41,7.7,6.84
construction.tools.welding,vipe,2,0,0,0,,0,5.28,11.45,7.736666667
construction.tools.welding,xiaomi,2,0,0,0,,0,8.98,8.98,8.98
country_yard.cultivator,adidas,2,0,0,0,,0,96.58,96.58,96.58
country_yard.cultivator,asics,2,0,0,0,,0,74.62,93.18,88.54
country_yard.cultivator,greyder,2,0,0,0,,0,77.22,77.22,77.22
country_yard.cultivator,respect,2,0,0,0,,0,25.48,35.78,28.91333333
country_yard.cultivator,samsung,2,0,0,0,,0,6.41,25.71,15.416
country_yard.furniture.bench,rondell,2,0,0,0,,0,21.85,21.85,21.85
country_yard.furniture.hammok,ansmann,2,0,0,0,,0,10.27,10.27,10.27
country_yard.furniture.hammok,deppa,2,0,0,0,,0,12.84,33.44,26.57333333
country_yard.furniture.hammok,inkax,2,0,0,0,,0,3.86,7.72,4.964285714
country_yard.furniture.hammok,miracase,2,0,0,0,,0,15.42,15.42,15.42
country_yard.furniture.hammok,remax,2,0,0,0,,0,5.12,5.12,5.12
country_yard.furniture.hammok,thule,2,0,0,0,,0,113.77,126.13,119.95
electronics.audio.acoustic,alvarez,2,0,0,0,,0,239.39,239.39,239.39
electronics.audio.acoustic,arg,2,0,0,0,,0,77.2,77.2,77.2
electronics.audio.acoustic,bonita,2,0,0,0,,0,9.32,9.32,9.32
electronics.audio.acoustic,crown,2,0,0,0,,0,44.42,63.32,53.87
electronics.audio.acoustic,ibanez,2,0,0,0,,0,215.19,215.19,215.19
electronics.audio.acoustic,tanglewood,2,0,0,0,,0,283.15,772.22,447.245
electronics.audio.headphone,prestigio,2,0,0,0,,0,244.46,244.46,244.46
electronics.audio.microphone,makita,2,0,0,0,,0,171.91,362.19,239.5016667
electronics.audio.music_tools.piano,fila,2,0,0,0,,0,10.66,18.38,15.80666667
electronics.audio.music_tools.piano,nike,2,0,0,0,,0,33.21,33.21,33.21
electronics.audio.music_tools.piano,tsubaki,2,0,0,0,,0,6.87,8.05,7.46
electronics.audio.subwoofer,blam,2,0,0,0,,0,180.18,195.63,191.7675
electronics.audio.subwoofer,butterfly,2,0,0,0,,0,60,80.67,70.335
electronics.audio.subwoofer,morel,2,0,0,0,,0,61.78,88.8,75.29
electronics.audio.subwoofer,seletti,2,0,0,0,,0,73.62,73.62,73.62
electronics.audio.subwoofer,tramontina,2,0,0,0,,0,7.44,11.62,10.22666667
electronics.camera.photo,lumme,2,0,0,0,,0,25.64,25.64,25.64
electronics.camera.photo,maunfeld,2,1,1,0.5,1,0.5,42.45,56.17,48.0675
electronics.camera.photo,minoti,2,0,0,0,,0,29.58,29.58,29.58
electronics.camera.photo,xiaomi,2,0,0,0,,0,32.69,32.69,32.69
electronics.camera.video,nobby,2,0,0,0,,0,20.23,27.54,26.2375
electronics.camera.video,obi,2,0,0,0,,0,39.03,162.58,100.805
electronics.camera.video,olmio,2,0,0,0,,0,18.64,50.1,29.12666667
electronics.clocks,acme,2,0,0,0,,0,79.54,79.54,79.54
electronics.clocks,cozmo,2,0,0,0,,0,742.91,742.91,742.91
electronics.clocks,guardo,2,0,0,0,,0,68.7,127.64,89.065
electronics.clocks,romanson,2,0,0,0,,0,179.16,184.65,181.905
electronics.clocks,timberk,2,0,0,0,,0,69.24,69.24,69.24
electronics.clocks,transformers,2,0,0,0,,0,8.47,16.63,12.55
electronics.smartphone,oppo,2,0,0,0,,0,180.16,231.64,205.9
electronics.smartphone,prestigio,2,0,0,0,,0,87.49,123.27,99.41666667
electronics.smartphone,vivo,2,0,0,0,,0,411.83,411.83,411.83
electronics.tablet,defender,2,0,0,0,,0,137.46,181.21,150.2625
electronics.telephone,chicco,2,0,0,0,,0,252.23,257.38,254.805
electronics.telephone,lorelli,2,0,0,0,,0,78.51,81.08,79.36666667
electronics.telephone,vivitek,2,0,0,0,,0,804.71,2068.52,1436.615
electronics.video.projector,lider,2,1,0,0.5,0,0,155.71,155.71,155.71
electronics.video.projector,ricco,2,0,0,0,,0,411.59,411.59,411.59
electronics.video.tv,acv,2,0,0,0,,0,190.48,190.48,190.48
electronics.video.tv,clarion,2,0,0,0,,0,72.07,102.96,92.66333333
electronics.video.tv,lg,2,0,0,0,,0,475.92,1977.53,1226.725
electronics.video.tv,samsung,2,0,0,0,,0,489.07,489.07,489.07
furniture.bathroom.bath,centek,2,0,0,0,,0,12.84,12.84,12.84
furniture.bathroom.bath,laurastar,2,0,0,0,,0,617.75,1750.34,1029.6
furniture.bathroom.toilet,rino,2,0,0,0,,0,10.04,10.04,10.04
furniture.bathroom.toilet,roca,2,0,0,0,,0,331.32,339.06,335.19
furniture.bedroom.bed,deta,2,0,0,0,,0,102.19,145.95,124.07
furniture.bedroom.bed,gigawatt,2,0,0,0,,0,139.15,179.64,159.395
furniture.bedroom.bed,granat,2,0,0,0,,0,27.8,45.05,34.75
furniture.bedroom.bed,hyper,2,0,0,0,,0,87.52,87.52,87.52
furniture.bedroom.bed,varta,2,0,0,0,,0,115.93,122.06,118.995
furniture.bedroom.bed,voltman,2,0,0,0,,0,92.76,130.86,118.16
furniture.bedroom.blanket,beko,2,0,0,0,,0,65.5,65.5,65.5
furniture.bedroom.blanket,dsp,2,0,0,0,,0,33.21,33.21,33.21
furniture.bedroom.blanket,hottek,2,0,0,0,,0,8.49,10.96,9.151428571
furniture.bedroom.blanket,mantra,2,0,0,0,,0,11.04,183.47,109.0475
furniture.bedroom.blanket,moulinex,2,0,0,0,,0,28.07,138.97,109.865
furniture.bedroom.blanket,rowenta,2,0,0,0,,0,19.28,56.6,31.72
furniture.bedroom.blanket,xiaomi,2,0,0,0,,0,38.61,108.11,79.36666667
furniture.bedroom.pillow,thule,2,0,0,0,,0,100.39,100.39,100.39
furniture.kitchen.chair,harper,2,0,0,0,,0,10.01,20.57,17.05
furniture.kitchen.chair,piatnik,2,0,0,0,,0,8.75,23.14,15.945
furniture.kitchen.chair,sv,2,0,0,0,,0,39.38,56.6,47.99
furniture.kitchen.chair,zeta,2,0,0,0,,0,19.28,19.28,19.28
furniture.kitchen.table,acorp,2,1,0,0.5,0,0,5.57,5.57,5.57
furniture.kitchen.table,araton,2,0,0,0,,0,40.67,43.12,41.83
furniture.kitchen.table,delux,2,0,0,0,,0,4.41,4.59,4.5
furniture.kitchen.table,fokos,2,0,0,0,,0,2002.63,2002.63,2002.63
furniture.kitchen.table,ipower,2,0,0,0,,0,1.93,4.35,3.4225
furniture.kitchen.table,jailinuo,2,0,0,0,,0,373.24,373.24,373.24
furniture.kitchen.table,landor,2,0,0,0,,0,9.29,24.84,20.18166667
furniture.kitchen.table,respect,2,0,0,0,,0,38.35,48.39,43.37
furniture.kitchen.table,spur,2,0,0,0,,0,35.78,35.78,35.78
furniture.kitchen.table,vobix,2,0,0,0,,0,20.57,115.81,36.44333333
furniture.kitchen.table,walfix,2,0,0,0,,0,13.22,41.52,20.295
furniture.living_room.cabinet,hyperx,2,0,0,0,,0,16.73,33.21,24.97
furniture.living_room.cabinet,irbis,2,0,0,0,,0,51.46,51.46,51.46
furniture.living_room.cabinet,runail,2,0,0,0,,0,38.61,38.61,38.61
furniture.living_room.cabinet,scarlett,2,0,0,0,,0,41.44,41.44,41.44
furniture.living_room.cabinet,sv,2,0,0,0,,0,115.58,115.58,115.58
furniture.living_room.chair,jetpik,2,0,0,0,,0,134.75,180.06,164.9566667
furniture.living_room.chair,polaris,2,0,0,0,,0,6.92,54.03,39.64666667
furniture.living_room.chair,polesie,2,0,0,0,,0,18.79,18.79,18.79
furniture.living_room.shelving,defacto,2,0,0,0,,0,12.84,12.84,12.84
furniture.living_room.sofa,babor,2,0,0,0,,0,109.91,119.82,114.865
furniture.living_room.sofa,ducray,2,0,0,0,,0,9.01,13.13,10.04
furniture.living_room.sofa,ecolab,2,0,0,0,,0,2.32,6.69,4.505
furniture.living_room.sofa,floresan,2,0,0,0,,0,2.57,2.57,2.57
furniture.living_room.sofa,medi-peel,2,0,0,0,,0,18.53,30.89,21.62
furniture.living_room.sofa,mizon,2,0,0,0,,0,15.32,18.02,17.24857143
furniture.living_room.sofa,palmers,2,0,0,0,,0,4.12,9.45,5.4525
furniture.universal.light,mantra,2,0,0,0,,0,87.17,236.28,161.725
kids.dolls,disney,2,0,0,0,,0,10.35,10.35,10.35
kids.dolls,hasbro,2,0,0,0,,0,146.7,205.92,186.18
kids.fmcg.diapers,dbpower,2,0,0,0,,0,61.52,61.52,61.52
kids.fmcg.diapers,prologic,2,0,0,0,,0,47.62,51.35,49.485
kids.skates,aimile,2,0,0,0,,0,126.13,126.13,126.13
kids.skates,babalo,2,0,0,0,,0,102.96,102.96,102.96
kids.skates,bertoni,2,0,0,0,,0,55.34,122.78,72.2
kids.skates,oley,2,0,0,0,,0,102.96,102.96,102.96
kids.skates,osann,2,0,0,0,,0,72.07,72.07,72.07
kids.skates,pnb,2,0,0,0,,0,5.15,5.15,5.15
kids.skates,yoga,2,0,0,0,,0,64.35,64.35,64.35
kids.swing,agu,2,0,0,0,,0,87.94,87.94,87.94
kids.swing,apple,2,0,0,0,,0,231.92,323.05,292.6733333
kids.swing,beko,2,0,0,0,,0,378.36,378.36,378.36
kids.swing,candy,2,0,0,0,,0,429.84,617.75,523.795
kids.swing,greenway,2,0,0,0,,0,24.2,57.14,30.788
kids.swing,omron,2,0,0,0,,0,82.15,99.32,90.735
kids.swing,polaris,2,0,0,0,,0,16.71,20.57,18.1575
kids.swing,polaroid,2,1,0,0.5,0,0,60.23,82.11,76.64
kids.swing,redmond,2,0,0,0,,0,25.71,25.71,25.71
kids.swing,tanix,2,0,0,0,,0,46.08,46.08,46.08
kids.swing,vitek,2,0,0,0,,0,15.42,15.42,15.42
kids.toys,adidas,2,0,0,0,,0,118.15,118.15,118.15
kids.toys,bakugan,2,0,0,0,,0,34.25,83.13,66.83666667
kids.toys,besty,2,0,0,0,,0,15.42,25.09,20.255
kids.toys,dickie,2,0,0,0,,0,24.32,24.32,24.32
kids.toys,merelani,2,0,0,0,,0,76.96,115.06,96.01
kids.toys,samsung,2,1,0,0.5,0,0,92.41,92.41,92.41
kids.toys,teosa,2,0,0,0,,0,91.12,97.04,94.08
medicine.tools.tonometer,beyond,2,0,0,0,,0,7.46,7.46,7.46
medicine.tools.tonometer,valkiria,2,0,0,0,,0,47.62,47.62,47.62
sport.bicycle,akg,2,0,0,0,,0,54.06,54.06,54.06
sport.bicycle,asus,2,0,0,0,,0,64.33,281.62,155.5775
sport.bicycle,basaran,2,0,0,0,,0,172.98,432.44,302.71
sport.bicycle,denn,2,0,0,0,,0,41.16,41.16,41.16
sport.bicycle,garvalin,2,0,0,0,,0,46.33,54.7,47.52571429
sport.bicycle,genius,2,0,0,0,,0,7.69,34.51,21.1
sport.bicycle,milat,2,0,0,0,,0,43.24,507.09,275.165
sport.bicycle,moldabela,2,0,0,0,,0,168.34,168.34,168.34
sport.bicycle,nikai,2,0,0,0,,0,82.26,82.26,82.26
sport.bicycle,orico,2,0,0,0,,0,6.18,34.62,20.4
sport.bicycle,phoenix,2,0,0,0,,0,167.29,167.29,167.29
sport.bicycle,remax,2,0,0,0,,0,6.44,20.34,13.39
sport.bicycle,solomon,2,0,0,0,,0,231.67,463.33,270.28
sport.bicycle,stark,2,0,0,0,,0,136.4,229.07,182.735
sport.bicycle,trust,2,0,0,0,,0,10.98,10.98,10.98
sport.diving,t-max,2,0,0,0,,0,274.65,562.43,418.54
sport.ski,adidas,2,0,0,0,,0,65.9,65.9,65.9
sport.ski,can-am,2,0,0,0,,0,86.08,94.34,90.21
sport.ski,continent,2,0,0,0,,0,7.44,128.42,60.938
sport.ski,deepcool,2,0,0,0,,0,17.99,35.78,26.885
sport.ski,head,2,0,0,0,,0,100.13,765.01,543.3833333
sport.ski,sumdex,2,0,0,0,,0,23.14,38.59,30.33285714
sport.snowboard,genlog,2,0,0,0,,0,7.18,25.42,13.26
sport.snowboard,yamaha,2,0,0,0,,0,247.83,247.83,247.83
sport.tennis,continent,2,0,0,0,,0,15.93,30.37,22.1225
sport.tennis,karya,2,0,0,0,,0,18.02,18.02,18.02
sport.tennis,luxvisage,2,0,0,0,,0,1.85,1.85,1.85
sport.tennis,xiaomi,2,0,0,0,,0,27.14,30.63,28.30333333
sport.trainer,alteco,2,0,0,0,,0,125.33,208.47,166.9
sport.trainer,apex,2,0,0,0,,0,27.26,39.15,31.448
sport.trainer,dainese,2,0,0,0,,0,226.52,657.67,442.095
sport.trainer,denzel,2,1,0,0.5,0,0,112.97,159.59,151.5428571
sport.trainer,jeep,2,0,0,0,,0,172.46,172.46,172.46
sport.trainer,kraftool,2,0,0,0,,0,25.74,25.74,25.74
sport.trainer,mercedes,2,0,0,0,,0,243.51,252.26,249.3433333
sport.trainer,mersedes-benz,2,0,0,0,,0,130.76,252.26,191.51
sport.trainer,nikon,2,0,0,0,,0,244.51,811.31,389.4275
sport.trainer,nzxt,2,0,0,0,,0,161.11,161.11,161.11
sport.trainer,patrol,2,0,0,0,,0,57.92,57.92,57.92
sport.trainer,segotep,2,0,0,0,,0,37.58,166.16,80.44
sport.trainer,stihl,2,0,0,0,,0,249.68,365.52,302.3345455
sport.trainer,tima,2,0,0,0,,0,11.84,11.84,11.84
sport.trainer,toyland,2,0,0,0,,0,302.71,302.71,302.71
sport.trainer,wingo,2,0,0,0,,0,192.8,200.78,198.12
sport.trainer,xiaomi,2,0,0,0,,0,952.41,952.41,952.41
stationery.cartrige,gerat,2,1,0,0.5,0,0,7.2,25.48,14.95083333
stationery.cartrige,joma,2,0,0,0,,0,79.02,109.91,92.83666667
stationery.cartrige,prologic,2,0,0,0,,0,15.43,15.43,15.43
Unknown,a-derma,1,0,0,0,,0,12.36,12.36,12.36
Unknown,adata,1,0,0,0,,0,9.5,9.5,9.5
Unknown,al-ko,1,0,0,0,,0,189.4,189.4,189.4
Unknown,alinco,1,0,0,0,,0,108.63,108.63,108.63
Unknown,allocacoc,1,0,0,0,,0,9.01,9.01,9.01
Unknown,apc,1,0,0,0,,0,81.47,81.47,81.47
Unknown,ariston,1,0,0,0,,0,622.9,622.9,622.9
Unknown,arnica,1,0,0,0,,0,24.71,24.71,24.71
Unknown,asx,1,0,0,0,,0,386.11,386.11,386.11
Unknown,autoprofi,1,0,0,0,,0,16.99,16.99,16.99
Unknown,autovirazh,1,0,0,0,,0,45.17,45.17,45.17
Unknown,ava,1,0,0,0,,0,178.91,178.91,178.91
Unknown,avene,1,0,0,0,,0,15.44,15.44,15.44
Unknown,babor,1,0,1,0,,1,56.89,243.25,150.07
Unknown,bambola,1,1,1,1,1,1,26.51,26.51,26.51
Unknown,baum,1,0,0,0,,0,58.43,58.43,58.43
Unknown,benny,1,0,0,0,,0,28.31,28.31,28.31
Unknown,bergner,1,0,0,0,,0,38.18,38.18,38.18
Unknown,berkley,1,0,0,0,,0,15.7,15.7,15.7
Unknown,bertoni,1,0,0,0,,0,21.88,21.88,21.88
Unknown,bibalina,1,0,0,0,,0,18.86,18.86,18.86
Unknown,bioderma,1,0,0,0,,0,8.37,8.37,8.37
Unknown,bork,1,0,0,0,,0,385.83,385.83,385.83
Unknown,brevi,1,0,0,0,,0,69.5,69.5,69.5
Unknown,bsn,1,0,0,0,,0,24.2,24.2,24.2
Unknown,candide,1,0,0,0,,0,118.41,118.41,118.41
Unknown,carwel,1,0,0,0,,0,211.07,211.07,211.07
Unknown,casper,1,0,0,0,,0,81.57,81.57,81.57
Unknown,ccm,1,0,0,0,,0,136.43,136.43,136.43
Unknown,centara,1,0,0,0,,0,42.99,42.99,42.99
Unknown,cezaris,1,0,0,0,,0,175.63,175.63,175.63
Unknown,cnd,1,0,0,0,,0,11.87,11.87,11.87
Unknown,combo,1,0,0,0,,0,10.3,10.3,10.3
Unknown,crest,1,0,0,0,,0,3.11,3.11,3.11
Unknown,dearest,1,0,0,0,,0,38.61,38.61,38.61
Unknown,dekok,1,0,0,0,,0,12.84,12.84,12.84
Unknown,denon,1,0,0,0,,0,612.47,612.47,612.47
Unknown,disney,1,0,0,0,,0,41.62,41.62,41.62
Unknown,dohany,1,0,0,0,,0,1113.28,1113.28,1113.28
Unknown,dormeo,1,0,0,0,,0,77.2,77.2,77.2
Unknown,dsp,1,0,0,0,,0,25.23,25.23,25.23
Unknown,eglo,1,0,0,0,,0,51.74,51.74,51.74
Unknown,elamina,1,0,0,0,,0,41.19,41.19,41.19
Unknown,empire,1,0,0,0,,0,36.04,36.04,36.04
Unknown,eurolux,1,0,0,0,,0,58.95,58.95,58.95
Unknown,family,1,0,0,0,,0,198.46,198.46,198.46
Unknown,favourite,1,0,0,0,,0,58.69,58.69,58.69
Unknown,federal,1,0,0,0,,0,102.58,102.58,102.58
Unknown,fenix,1,0,0,0,,0,307.6,307.6,307.6
Unknown,fest,1,0,0,0,,0,16.22,16.22,16.22
Unknown,fiesta,1,0,0,0,,0,190.46,190.46,190.46
Unknown,forsage,1,0,0,0,,0,69.24,79.02,75.76
Unknown,fox,1,0,0,0,,0,9.27,9.27,9.27
Unknown,freya,1,0,0,0,,0,50.03,50.03,50.03
Unknown,funkids,1,0,0,0,,0,46.08,46.08,46.08
Unknown,gallotti,1,0,0,0,,0,883.27,883.27,883.27
Unknown,gedore,1,0,0,0,,0,183.79,414.94,299.365
Unknown,genau,1,0,0,0,,0,308.61,308.61,308.61
Unknown,gigwi,1,0,0,0,,0,28.06,28.06,28.06
Unknown,goldenlab,1,0,0,0,,0,2316.66,2316.66,2316.66
Unknown,haier,1,0,0,0,,0,463.31,463.31,463.31
Unknown,harp,1,0,0,0,,0,777.37,777.37,777.37
Unknown,hasbro,1,0,0,0,,0,9.76,9.76,9.76
Unknown,helfer,1,0,0,0,,0,79.8,79.8,79.8
Unknown,hotpoint-ariston,1,0,0,0,,0,432.42,432.42,432.42
Unknown,htc,1,0,0,0,,0,890.51,890.51,890.51
Unknown,hycell,1,0,0,0,,0,10.3,10.3,10.3
Unknown,hyundai,1,1,1,1,1,1,30.86,30.86,30.86
Unknown,ibaby,1,0,0,0,,0,166.03,166.03,166.03
Unknown,ildi,1,0,0,0,,0,88.55,88.55,88.55
Unknown,imperia,1,0,0,0,,0,977.89,977.89,977.89
Unknown,indesit,1,0,0,0,,0,360.09,360.09,360.09
Unknown,inex,1,0,0,0,,0,100,100,100
Unknown,interos,1,0,0,0,,0,53.94,53.94,53.94
Unknown,invader,1,0,0,0,,0,1235.55,1235.55,1235.55
Unknown,ivt,1,0,0,0,,0,27.16,32.97,30.065
Unknown,k-star,1,0,0,0,,0,898.35,898.35,898.35
Unknown,kappa,1,0,0,0,,0,259.3,259.3,259.3
Unknown,ken,1,0,0,0,,0,55.03,55.03,55.03
Unknown,kettler,1,0,0,0,,0,42.47,42.47,42.47
Unknown,king,1,0,0,0,,0,157.12,157.12,157.12
Unknown,kixx,1,0,0,0,,0,21.62,21.62,21.62
Unknown,kraftool,1,0,0,0,,0,128.7,128.7,128.7
Unknown,lex,1,0,0,0,,0,463.33,463.33,463.33
Unknown,lihom,1,0,0,0,,0,228.55,228.55,228.55
Unknown,lori,1,0,0,0,,0,19.56,19.56,19.56
Unknown,mammut,1,0,0,0,,0,61.52,61.52,61.52
Unknown,marko,1,0,0,0,,0,51.46,51.46,51.46
Unknown,masteryard,1,0,0,0,,0,2294.94,2294.94,2294.94
Unknown,mastrad,1,0,0,0,,0,49.74,49.74,49.74
Unknown,maxler,1,0,0,0,,0,56.5,56.5,56.5
Unknown,maxtrek,1,0,1,0,,1,43.76,92.92,60.14666667
Unknown,mebelson,1,0,0,0,,0,289.3,289.3,289.3
Unknown,merelani,1,0,0,0,,0,129.48,129.48,129.48
Unknown,mibb,1,0,0,0,,0,92.67,92.67,92.67
Unknown,midea,1,0,0,0,,0,102.71,102.71,102.71
Unknown,milano,1,0,0,0,,0,540,540,540
Unknown,mirex,1,0,0,0,,0,59.15,59.15,59.15
Unknown,momert,1,0,0,0,,0,46.33,46.33,46.33
Unknown,monro,1,0,0,0,,0,25.29,26.64,26.19
Unknown,moon,1,0,0,0,,0,32.95,32.95,32.95
Unknown,nadoba,1,0,0,0,,0,174.5,174.5,174.5
Unknown,nexttool,1,0,0,0,,0,28.4,28.4,28.4
Unknown,nika,1,0,0,0,,0,403.11,403.11,403.11
Unknown,nike,1,0,0,0,,0,35.01,35.01,35.01
Unknown,nitecore,1,0,0,0,,0,29.06,29.06,29.06
Unknown,norfin,1,0,0,0,,0,102.94,102.94,102.94
Unknown,nuo,1,0,0,0,,0,1783.44,1783.44,1783.44
Unknown,ogreen,1,0,0,0,,0,167.57,167.57,167.57
Unknown,oursson,1,0,0,0,,0,59.69,59.69,59.69
Unknown,palplay,1,0,0,0,,0,138.48,138.48,138.48
Unknown,perina,1,0,0,0,,0,87.52,105.79,96.655
Unknown,phillips,1,0,0,0,,0,102.94,102.94,102.94
Unknown,pituso,1,0,0,0,,0,67.96,67.96,67.96
Unknown,pqi,1,0,0,0,,0,6.41,6.41,6.41
Unknown,preciosa,1,0,0,0,,0,280.65,280.65,280.65
Unknown,primanova,1,0,0,0,,0,19.56,19.56,19.56
Unknown,proma,1,0,0,0,,0,247.63,247.63,247.63
Unknown,rieker,1,0,0,0,,0,47.36,47.36,47.36
Unknown,riken,1,0,0,0,,0,60.49,60.49,60.49
Unknown,rodaco,1,0,0,0,,0,65.25,65.25,65.25
Unknown,rosa,1,1,0,1,0,0,9.65,9.65,9.65
Unknown,rosetta,1,0,0,0,,0,356.51,356.51,356.51
Unknown,rucelf,1,0,0,0,,0,158.76,158.76,158.76
Unknown,s.a.n.,1,1,0,1,0,0,5.53,5.53,5.53
Unknown,sakura,1,0,0,0,,0,6.15,6.15,6.15
Unknown,salvador,1,0,0,0,,0,25.09,29.3,27.195
Unknown,sandisk,1,0,0,0,,0,133.09,133.09,133.09
Unknown,scoole,1,0,0,0,,0,28.98,77.2,48.268
Unknown,shinhanart,1,0,0,0,,0,4.61,4.61,4.61
Unknown,smoby,1,0,0,0,,0,577.1,577.1,577.1
Unknown,sony,1,0,0,0,,0,334.37,334.37,334.37
Unknown,stabilo,1,0,0,0,,0,4.16,5.21,4.685
Unknown,stagg,1,0,0,0,,0,746.48,746.48,746.48
Unknown,stark,1,0,1,0,,1,384.52,384.52,384.52
Unknown,starmix,1,0,0,0,,0,68.53,68.53,68.53
Unknown,sturm,1,0,0,0,,0,100.13,100.13,100.13
Unknown,stuttgart,1,0,0,0,,0,321.76,321.76,321.76
Unknown,svr,1,0,0,0,,0,45.82,45.82,45.82
Unknown,swag,1,0,0,0,,0,31.4,31.4,31.4
Unknown,t-max,1,0,0,0,,0,80.31,80.31,80.31
Unknown,taller,1,0,0,0,,0,12.33,12.33,12.33
Unknown,terra,1,0,0,0,,0,126.1,126.1,126.1
Unknown,tetra,1,0,0,0,,0,3.42,58.61,15.86
Unknown,tomfarr,1,0,0,0,,0,153.93,153.93,153.93
Unknown,topex,1,0,0,0,,0,68.44,68.44,68.44
Unknown,torneo,1,0,0,0,,0,1092.4,1092.4,1092.4
Unknown,toshiba,1,0,0,0,,0,4.38,4.38,4.38
Unknown,toyota,1,0,0,0,,0,39.9,48.91,44.405
Unknown,uno,1,0,0,0,,0,206.87,206.87,206.87
Unknown,vanstore,1,0,0,0,,0,12.61,12.61,12.61
Unknown,venta,1,0,0,0,,0,514.79,514.79,514.79
Unknown,venti,1,0,0,0,,0,247.11,247.11,247.11
Unknown,verbatim,1,0,0,0,,0,4.99,4.99,4.99
Unknown,viking,1,0,0,0,,0,229.09,650.98,451.1466667
Unknown,walkro,1,0,0,0,,0,1652.55,1652.55,1652.55
Unknown,wera,1,0,0,0,,0,206.5,342.41,253.52
Unknown,wideway,1,0,0,0,,0,82.37,82.37,82.37
Unknown,willmax,1,0,0,0,,0,5.15,5.15,5.15
Unknown,zalman,1,0,0,0,,0,49.6,49.6,49.6
Unknown,zhorya,1,0,0,0,,0,44.61,44.61,44.61
accessories.bag,ambition,1,0,0,0,,0,12.61,12.61,12.61
accessories.bag,berlinger,1,0,0,0,,0,27.52,36.35,31.935
accessories.bag,berlingerhaus,1,0,0,0,,0,75.16,75.16,75.16
accessories.bag,biolane,1,0,0,0,,0,4.89,4.89,4.89
accessories.bag,bond,1,0,0,0,,0,77.48,77.48,77.48
accessories.bag,calve,1,0,0,0,,0,11.56,11.56,11.56
accessories.bag,crown,1,0,0,0,,0,72.78,72.78,72.78
accessories.bag,dab,1,0,0,0,,0,316.78,393.13,354.955
accessories.bag,dearest,1,1,0,1,0,0,22.14,22.14,22.14
accessories.bag,demix,1,0,0,0,,0,104.77,104.77,104.77
accessories.bag,denzel,1,0,0,0,,0,80.47,80.47,80.47
accessories.bag,fabretti,1,0,0,0,,0,29.34,29.34,29.34
accessories.bag,fila,1,0,0,0,,0,115.07,115.07,115.07
accessories.bag,fubag,1,0,0,0,,0,37.89,37.89,37.89
accessories.bag,gehwol,1,0,0,0,,0,15.19,15.19,15.19
accessories.bag,genki,1,0,0,0,,0,15.7,15.7,15.7
accessories.bag,joonies,1,0,0,0,,0,13.36,13.36,13.36
accessories.bag,kitchenaid,1,0,0,0,,0,287.82,287.82,287.82
accessories.bag,kovea,1,0,0,0,,0,41.44,41.44,41.44
accessories.bag,kukmara,1,0,0,0,,0,35.78,35.78,35.78
accessories.bag,light,1,0,0,0,,0,106.45,106.45,106.45
accessories.bag,lovular,1,0,0,0,,0,19.82,19.82,19.82
accessories.bag,magnetta,1,0,0,0,,0,64.22,64.22,64.22
accessories.bag,mercury,1,0,0,0,,0,24.45,24.45,24.45
accessories.bag,merries,1,0,0,0,,0,5.92,5.92,5.92
accessories.bag,metabo,1,0,0,0,,0,206.35,244.75,225.55
accessories.bag,moliabal,1,0,0,0,,0,41.37,49.82,47.7075
accessories.bag,naturehike,1,0,0,0,,0,22.39,22.39,22.39
accessories.bag,p.i.t.,1,0,0,0,,0,47.37,47.37,47.37
accessories.bag,pennsula,1,0,0,0,,0,21.11,21.11,21.11
accessories.bag,reebok,1,0,0,0,,0,38.61,38.61,38.61
accessories.bag,seakoo,1,0,0,0,,0,75.8,75.8,75.8
accessories.bag,sweety,1,1,0,1,0,0,9.27,9.27,9.27
accessories.bag,taller,1,0,0,0,,0,30.63,30.63,30.63
accessories.bag,tawas,1,0,0,0,,0,2.45,2.45,2.45
accessories.bag,termit,1,0,0,0,,0,84.18,84.18,84.18
accessories.bag,uriage,1,0,0,0,,0,19.77,19.77,19.77
accessories.bag,wagner,1,0,0,0,,0,523.31,523.31,523.31
accessories.bag,wellberg,1,0,0,0,,0,17.84,17.84,17.84
accessories.bag,wilo,1,0,0,0,,0,126.13,464.28,238.8466667
accessories.bag,yamaguchi,1,0,0,0,,0,43.73,43.73,43.73
accessories.umbrella,cenmax,1,0,0,0,,0,40.93,40.93,40.93
accessories.umbrella,flashpoint,1,0,0,0,,0,21.88,21.88,21.88
accessories.umbrella,hoco,1,0,0,0,,0,25.71,25.71,25.71
accessories.umbrella,pioneer,1,0,0,0,,0,47.62,47.62,47.62
accessories.wallet,axper,1,0,0,0,,0,357.54,357.54,357.54
accessories.wallet,bosch,1,0,0,0,,0,134.1,134.1,134.1
accessories.wallet,cenmax,1,0,0,0,,0,166.23,166.23,166.23
accessories.wallet,condtrol,1,0,0,0,,0,36.03,36.03,36.03
accessories.wallet,dewalt,1,0,0,0,,0,167.31,167.31,167.31
accessories.wallet,stonelock,1,0,0,0,,0,198.2,198.2,198.2
accessories.wallet,tomahawk,1,0,0,0,,0,209.27,209.27,209.27
accessories.wallet,yi,1,0,0,0,,0,77.2,77.2,77.2
apparel.costume,alteco,1,0,0,0,,0,458.18,875.18,736.18
apparel.costume,art-visage,1,0,0,0,,0,4.5,4.5,4.5
apparel.costume,babor,1,0,0,0,,0,58.43,58.43,58.43
apparel.costume,bourjois,1,0,0,0,,0,8.75,14.29,12.44333333
apparel.costume,coleman,1,0,0,0,,0,154.42,154.42,154.42
apparel.costume,crome,1,0,0,0,,0,5.47,5.47,5.47
apparel.costume,ezetil,1,0,0,0,,0,41.16,41.16,41.16
apparel.costume,greys,1,0,0,0,,0,66.15,66.15,66.15
apparel.costume,joma,1,0,0,0,,0,72.07,72.07,72.07
apparel.costume,leica,1,1,0,1,0,0,118.38,118.38,118.38
apparel.costume,luxvisage,1,0,0,0,,0,3.81,3.81,3.81
apparel.costume,makita,1,1,0,1,0,0,97.4,97.4,97.4
apparel.costume,mateus,1,0,0,0,,0,386.11,386.11,386.11
apparel.costume,matrix,1,0,0,0,,0,36.53,36.53,36.53
apparel.costume,note,1,0,0,0,,0,12.44,12.44,12.44
apparel.costume,patriot,1,0,0,0,,0,615.72,615.72,615.72
apparel.costume,polaris,1,0,0,0,,0,2.29,2.29,2.29
apparel.costume,sinusprofi,1,0,0,0,,0,417,417,417
apparel.costume,stabila,1,1,0,1,0,0,134.69,134.69,134.69
apparel.costume,stalker,1,0,0,0,,0,172.46,172.46,172.46
apparel.costume,starway,1,0,0,0,,0,11.45,11.45,11.45
apparel.costume,sven,1,0,0,0,,0,193.03,193.03,193.03
apparel.costume,tch,1,0,0,0,,0,367.83,367.83,367.83
apparel.costume,topface,1,0,0,0,,0,8.62,8.62,8.62
apparel.costume,trust,1,0,0,0,,0,67.44,67.44,67.44
apparel.costume,xp-pen,1,0,0,0,,0,800.79,800.79,800.79
apparel.glove,defender,1,0,0,0,,0,10.01,10.01,10.01
apparel.jeans,biotech,1,0,0,0,,0,45.05,45.05,45.05
apparel.jeans,chloe,1,0,0,0,,0,110.32,110.32,110.32
apparel.jeans,cobra,1,0,0,0,,0,29.73,29.73,29.73
apparel.jeans,creed,1,0,0,0,,0,18.02,18.02,18.02
apparel.jeans,guerlain,1,0,0,0,,0,45.05,45.05,45.05
apparel.jeans,mammut,1,0,0,0,,0,25.48,25.48,25.48
apparel.jeans,mutant,1,0,0,0,,0,15.32,15.32,15.32
apparel.jeans,okuma,1,0,0,0,,0,38.61,38.61,38.61
apparel.jeans,pro-ject,1,0,0,0,,0,904.94,904.94,904.94
apparel.jeans,ryobi,1,0,0,0,,0,93.93,93.93,93.93
apparel.jeans,stanley,1,0,0,0,,0,9.34,9.34,9.34
apparel.jeans,victorinox,1,0,0,0,,0,37.63,125.17,57.335
apparel.jumper,alteco,1,0,0,0,,0,169.99,169.99,169.99
apparel.jumper,ccm,1,0,0,0,,0,167.31,167.31,167.31
apparel.jumper,denzel,1,0,0,0,,0,259.71,259.71,259.71
apparel.jumper,einhell,1,0,0,0,,0,82.37,82.37,82.37
apparel.jumper,myprotein,1,0,0,0,,0,53.59,53.59,53.59
apparel.pajamas,baltekstil,1,0,0,0,,0,99.1,99.1,99.1
apparel.pajamas,einhell,1,0,0,0,,0,124.84,124.84,124.84
apparel.pajamas,euroboor,1,0,0,0,,0,1199.1,1199.1,1199.1
apparel.pajamas,premont,1,0,0,0,,0,66.9,66.9,66.9
apparel.scarf,acme,1,0,0,0,,0,5.29,5.29,5.29
apparel.scarf,apple,1,0,0,0,,0,156.76,156.76,156.76
apparel.scarf,autotime,1,0,0,0,,0,7.18,7.18,7.18
apparel.scarf,barbie,1,0,0,0,,0,43.76,43.76,43.76
apparel.scarf,brother,1,0,0,0,,0,235.42,362.4,308.32
apparel.scarf,chayka,1,0,0,0,,0,205.9,205.9,205.9
apparel.scarf,cougar,1,0,0,0,,0,71.82,71.82,71.82
apparel.scarf,gigabyte,1,0,0,0,,0,120.71,120.71,120.71
apparel.scarf,hap-p-kid,1,0,0,0,,0,13.02,13.02,13.02
apparel.scarf,harper,1,0,0,0,,0,25.71,25.71,25.71
apparel.scarf,microids,1,0,0,0,,0,46.31,46.31,46.31
apparel.scarf,respect,1,0,0,0,,0,50.19,50.19,50.19
apparel.scarf,singer,1,0,0,0,,0,228.9,228.9,228.9
apparel.scarf,steelseries,1,0,0,0,,0,285.46,285.46,285.46
apparel.shirt,alteco,1,0,0,0,,0,106.82,106.82,106.82
apparel.shirt,babolat,1,0,0,0,,0,154.19,154.19,154.19
apparel.shirt,balmain,1,0,0,0,,0,308.89,308.89,308.89
apparel.shirt,basaran,1,0,0,0,,0,25.74,25.74,25.74
apparel.shirt,burton,1,0,0,0,,0,321.5,321.5,321.5
apparel.shirt,cafemimi,1,0,0,0,,0,2.45,2.45,2.45
apparel.shirt,carver,1,0,0,0,,0,113.26,113.26,113.26
apparel.shirt,denzel,1,0,0,0,,0,272.16,929.83,600.995
apparel.shirt,elaud,1,0,0,0,,0,23.14,23.14,23.14
apparel.shirt,elizavecca,1,0,0,0,,0,14.72,14.72,14.72
apparel.shirt,erichkrause,1,0,0,0,,0,11.71,11.71,11.71
apparel.shirt,force,1,0,0,0,,0,30.61,30.61,30.61
apparel.shirt,garvalin,1,0,0,0,,0,54.06,54.06,54.06
apparel.shirt,hayali,1,0,0,0,,0,95.24,95.24,95.24
apparel.shirt,head,1,0,0,0,,0,34.75,57.62,46.185
apparel.shirt,huter,1,0,0,0,,0,133.57,133.57,133.57
apparel.shirt,hyundai,1,0,0,0,,0,342.35,342.35,342.35
apparel.shirt,keeeper,1,0,0,0,,0,13.39,13.39,13.39
apparel.shirt,kuttenkeuler,1,0,0,0,,0,20.85,20.85,20.85
apparel.shirt,loreal,1,0,0,0,,0,2.57,2.57,2.57
apparel.shirt,nutricia,1,0,0,0,,0,6.49,6.49,6.49
apparel.shirt,pico,1,0,0,0,,0,23.68,23.68,23.68
apparel.shirt,pt-group,1,0,0,0,,0,90.09,90.09,90.09
apparel.shirt,remeza,1,0,0,0,,0,435.95,435.95,435.95
apparel.shirt,schneider,1,0,0,0,,0,2165.76,2165.76,2165.76
apparel.shirt,siger,1,0,0,0,,0,7.7,7.7,7.7
apparel.shirt,solomon,1,0,0,0,,0,37.07,37.07,37.07
apparel.shirt,stihl,1,0,0,0,,0,1673.14,1673.14,1673.14
apparel.shirt,weekend,1,0,0,0,,0,380.96,380.96,380.96
apparel.shirt,zic,1,0,0,0,,0,27.03,27.03,27.03
apparel.shoes,agness,1,0,0,0,,0,17.94,17.94,17.94
apparel.shoes,ara,1,0,0,0,,0,153.67,153.67,153.67
apparel.shoes,biomecanics,1,0,0,0,,0,36.01,36.01,36.01
apparel.shoes,brw,1,0,0,0,,0,93.95,93.95,93.95
apparel.shoes,cavaletto,1,0,0,0,,0,149.04,149.04,149.04
apparel.shoes,cilia,1,0,0,0,,0,28.31,28.31,28.31
apparel.shoes,crockid,1,0,0,0,,0,3.86,3.86,3.86
apparel.shoes,crown,1,0,0,0,,0,19.74,19.74,19.74
apparel.shoes,demix,1,0,0,0,,0,34.63,34.63,34.63
apparel.shoes,diamond,1,0,0,0,,0,38.59,38.59,38.59
apparel.shoes,dwt,1,0,0,0,,0,43.63,43.63,43.63
apparel.shoes,flormar,1,0,0,0,,0,2.06,2.06,2.06
apparel.shoes,fly,1,0,0,0,,0,46.08,46.08,46.08
apparel.shoes,foreo,1,1,0,1,0,0,5.15,5.15,5.15
apparel.shoes,garvalin,1,0,0,0,,0,51.48,51.48,51.48
apparel.shoes,gerber,1,0,0,0,,0,0.83,0.83,0.83
apparel.shoes,gewa,1,0,0,0,,0,23.68,23.68,23.68
apparel.shoes,gipfel,1,0,0,0,,0,26.22,26.22,26.22
apparel.shoes,glamvers,1,0,0,0,,0,121.24,121.24,121.24
apparel.shoes,hasbro,1,0,0,0,,0,155.89,155.89,155.89
apparel.shoes,healbe,1,0,0,0,,0,277.74,277.74,277.74
apparel.shoes,hoco,1,0,0,0,,0,17.99,17.99,17.99
apparel.shoes,ivt,1,0,0,0,,0,24.87,24.87,24.87
apparel.shoes,joie,1,0,0,0,,0,174.78,215.96,196.4
apparel.shoes,juventa,1,0,0,0,,0,172.19,172.19,172.19
apparel.shoes,kampfer,1,0,0,0,,0,21.64,21.64,21.64
apparel.shoes,kitchenaid,1,0,0,0,,0,171.18,171.18,171.18
apparel.shoes,llarri,1,0,0,0,,0,162.4,162.4,162.4
apparel.shoes,lucente,1,0,0,0,,0,75.16,75.16,75.16
apparel.shoes,luminarc,1,0,0,0,,0,9.01,10.04,9.2875
apparel.shoes,makita,1,0,0,0,,0,222.54,222.54,222.54
apparel.shoes,mamalove,1,0,0,0,,0,72.07,101.68,86.875
apparel.shoes,marcotozzi,1,0,0,0,,0,42.21,42.21,42.21
apparel.shoes,meinl,1,0,1,0,,1,26,72.07,49.035
apparel.shoes,melitta,1,0,0,0,,0,10.3,10.3,10.3
apparel.shoes,metabo,1,0,0,0,,0,182.12,182.12,182.12
apparel.shoes,metsui,1,0,0,0,,0,56.5,56.5,56.5
apparel.shoes,modern,1,1,0,1,0,0,29.58,29.58,29.58
apparel.shoes,naturehike,1,0,0,0,,0,20.08,20.08,20.08
apparel.shoes,nike,1,0,0,0,,0,128.45,128.45,128.45
apparel.shoes,opadiris,1,0,0,0,,0,521.67,521.67,521.67
apparel.shoes,pintinox,1,0,0,0,,0,44.53,44.53,44.53
apparel.shoes,pupa,1,0,0,0,,0,15.06,15.06,15.06
apparel.shoes,regent,1,0,0,0,,0,141.65,141.65,141.65
apparel.shoes,revolution,1,0,0,0,,0,8.37,8.37,8.37
apparel.shoes,rovigo,1,0,0,0,,0,66.93,66.93,66.93
apparel.shoes,salmo,1,0,0,0,,0,16.69,16.69,16.69
apparel.shoes,scher-khan,1,0,0,0,,0,159.59,159.59,159.59
apparel.shoes,schleich,1,0,0,0,,0,21.52,21.52,21.52
apparel.shoes,smartrike,1,0,0,0,,0,133.08,133.08,133.08
apparel.shoes,stagg,1,1,0,1,0,0,67.96,177.35,140.8866667
apparel.shoes,stanley,1,0,0,0,,0,24.71,24.71,24.71
apparel.shoes,tec,1,0,0,0,,0,286.2,286.2,286.2
apparel.shoes,thule,1,0,0,0,,0,108.11,108.11,108.11
apparel.shoes,titan,1,0,0,0,,0,339.78,339.78,339.78
apparel.shoes,touchbeauty,1,0,0,0,,0,15.42,15.42,15.42
apparel.shoes,tramontina,1,0,0,0,,0,43.97,43.97,43.97
apparel.shoes,vinzer,1,0,0,0,,0,24.86,24.86,24.86
apparel.shoes,walkmaxx,1,0,0,0,,0,68.19,68.19,68.19
apparel.shoes,zebratoys,1,0,0,0,,0,154.44,154.44,154.44
apparel.shoes,zemex,1,0,0,0,,0,252.49,252.49,252.49
apparel.shoes.ballet_shoes,broomer,1,0,0,0,,0,362.94,362.94,362.94
apparel.shoes.ballet_shoes,fujida,1,0,0,0,,0,68.21,68.21,68.21
apparel.shoes.ballet_shoes,ritmix,1,0,0,0,,0,21.85,21.85,21.85
apparel.shoes.espadrilles,gf,1,0,0,0,,0,450.02,450.02,450.02
apparel.shoes.espadrilles,kpt,1,0,0,0,,0,193.54,193.54,193.54
apparel.shoes.espadrilles,oma,1,0,0,0,,0,458.18,458.18,458.18
apparel.shoes.keds,adidas,1,0,0,0,,0,61.52,61.52,61.52
apparel.shoes.keds,apollo,1,0,0,0,,0,43.73,43.73,43.73
apparel.shoes.keds,babygo,1,0,0,0,,0,95.24,95.24,95.24
apparel.shoes.keds,berlinger,1,0,0,0,,0,10.3,10.3,10.3
apparel.shoes.keds,berlingerhaus,1,0,0,0,,0,44.79,44.79,44.79
apparel.shoes.keds,blaumann,1,0,0,0,,0,102.19,102.19,102.19
apparel.shoes.keds,bohmann,1,0,0,0,,0,35.01,35.01,35.01
apparel.shoes.keds,boyscout,1,0,0,0,,0,5.12,5.12,5.12
apparel.shoes.keds,canon,1,0,0,0,,0,294.26,294.26,294.26
apparel.shoes.keds,caprice,1,0,0,0,,0,100.39,100.39,100.39
apparel.shoes.keds,dam,1,0,0,0,,0,40.67,40.67,40.67
apparel.shoes.keds,digma,1,0,0,0,,0,68.99,68.99,68.99
apparel.shoes.keds,empire,1,0,0,0,,0,435.02,435.02,435.02
apparel.shoes.keds,escan,1,0,0,0,,0,76.96,76.96,76.96
apparel.shoes.keds,ferrari,1,0,0,0,,0,79.75,79.75,79.75
apparel.shoes.keds,fila,1,0,0,0,,0,102.94,102.94,102.94
apparel.shoes.keds,gipfel,1,0,0,0,,0,8.21,8.21,8.21
apparel.shoes.keds,greyder,1,0,0,0,,0,48.91,48.91,48.91
apparel.shoes.keds,guzzini,1,0,0,0,,0,11.33,11.33,11.33
apparel.shoes.keds,joie,1,0,0,0,,0,111.97,111.97,111.97
apparel.shoes.keds,larsen,1,0,0,0,,0,39.61,39.61,39.61
apparel.shoes.keds,maxwell,1,0,0,0,,0,38.33,38.33,38.33
apparel.shoes.keds,mebbery,1,0,0,0,,0,180.16,180.16,180.16
apparel.shoes.keds,peterhof,1,0,0,0,,0,77.2,77.2,77.2
apparel.shoes.keds,pinti,1,0,0,0,,0,2.83,2.83,2.83
apparel.shoes.keds,prolike,1,0,0,0,,0,38.35,38.35,38.35
apparel.shoes.keds,puma,1,0,0,0,,0,77.3,77.3,77.3
apparel.shoes.keds,rivacase,1,0,0,0,,0,20.34,20.34,20.34
apparel.shoes.keds,strobbs,1,0,0,0,,0,34.49,34.49,34.49
apparel.shoes.keds,taller,1,0,0,0,,0,112.2,112.2,112.2
apparel.shoes.keds,tamaris,1,0,0,0,,0,44.79,44.79,44.79
apparel.shoes.keds,vellarti,1,0,0,0,,0,27.93,27.93,27.93
apparel.shoes.keds,walkmaxx,1,0,0,0,,0,51.46,51.46,51.46
apparel.shoes.moccasins,beurer,1,0,0,0,,0,10.4,10.4,10.4
apparel.shoes.moccasins,calgaro,1,0,0,0,,0,1956.29,1956.29,1956.29
apparel.shoes.moccasins,catimini,1,0,0,0,,0,104.25,104.25,104.25
apparel.shoes.moccasins,defacto,1,0,0,0,,0,5.12,5.12,5.12
apparel.shoes.moccasins,efremov,1,0,0,0,,0,202.58,202.58,202.58
apparel.shoes.moccasins,einhell,1,0,0,0,,0,174.78,174.78,174.78
apparel.shoes.moccasins,imperial,1,0,0,0,,0,439.89,439.89,439.89
apparel.shoes.moccasins,metabo,1,0,0,0,,0,231.47,231.47,231.47
apparel.shoes.moccasins,respect,1,0,0,0,,0,55.34,55.34,55.34
apparel.shoes.moccasins,rieker,1,0,0,0,,0,44.79,44.79,44.79
apparel.shoes.moccasins,rooman,1,0,0,0,,0,53.8,53.8,53.8
apparel.shoes.moccasins,stanley,1,0,0,0,,0,113.85,113.85,113.85
apparel.shoes.moccasins,starmix,1,0,0,0,,0,895.26,895.26,895.26
apparel.shoes.moccasins,xiaomi,1,0,0,0,,0,33.44,33.44,33.44
apparel.shoes.sandals,al-ko,1,0,0,0,,0,638.31,638.31,638.31
apparel.shoes.sandals,baden,1,0,0,0,,0,51.22,51.22,51.22
apparel.shoes.sandals,baldessarini,1,0,0,0,,0,47.58,47.58,47.58
apparel.shoes.sandals,byredo,1,0,1,0,,1,160.85,163.28,162.47
apparel.shoes.sandals,clatronic,1,0,0,0,,0,54.67,54.67,54.67
apparel.shoes.sandals,corsocomo,1,0,0,0,,0,92.41,92.41,92.41
apparel.shoes.sandals,dkny,1,0,0,0,,0,58.75,58.75,58.75
apparel.shoes.sandals,escan,1,0,0,0,,0,76.96,76.96,76.96
apparel.shoes.sandals,gardena,1,0,0,0,,0,160.89,160.89,160.89
apparel.shoes.sandals,greyder,1,0,0,0,,0,56.63,56.63,56.63
apparel.shoes.sandals,makita,1,0,0,0,,0,148.01,148.01,148.01
apparel.shoes.sandals,patriot,1,0,0,0,,0,400.13,400.13,400.13
apparel.shoes.sandals,prada,1,0,0,0,,0,90.54,90.54,90.54
apparel.shoes.sandals,pupa,1,0,0,0,,0,52,52,52
apparel.shoes.sandals,shaik,1,0,0,0,,0,200.78,200.78,200.78
apparel.shoes.sandals,shiseido,1,0,0,0,,0,84.4,97.27,86.974
apparel.shoes.sandals,torch,1,1,0,1,0,0,3.86,3.86,3.86
apparel.shoes.slipons,babymoov,1,0,0,0,,0,187.91,187.91,187.91
apparel.shoes.slipons,beaba,1,0,0,0,,0,236.69,236.69,236.69
apparel.shoes.slipons,digma,1,0,0,0,,0,54.34,54.34,54.34
apparel.shoes.slipons,ecolab,1,0,0,0,,0,2.32,2.32,2.32
apparel.shoes.slipons,foxconn,1,0,0,0,,0,67.7,67.7,67.7
apparel.shoes.slipons,gross,1,0,0,0,,0,25.19,25.19,25.19
apparel.shoes.slipons,kingmax,1,0,0,0,,0,101.68,101.68,101.68
apparel.shoes.slipons,polaris,1,0,0,0,,0,35.99,35.99,35.99
apparel.shoes.slipons,smart,1,0,0,0,,0,22.78,22.78,22.78
apparel.shoes.slipons,stanley,1,0,0,0,,0,24.97,25.23,25.1
apparel.shoes.slipons,transcend,1,0,0,0,,0,34.24,35.78,34.625
apparel.shoes.step_ins,hpe,1,0,0,0,,0,383.66,383.66,383.66
apparel.shoes.step_ins,luminarc,1,0,0,0,,0,2.57,2.57,2.57
apparel.shoes.step_ins,molto,1,0,0,0,,0,12.1,12.1,12.1
apparel.shoes.step_ins,orliman,1,0,0,0,,0,27.03,27.03,27.03
apparel.shoes.step_ins,pituso,1,0,0,0,,0,42.47,42.47,42.47
apparel.shoes.step_ins,smoby,1,0,0,0,,0,167.31,167.31,167.31
apparel.shorts,antika,1,0,0,0,,0,83.85,83.85,83.85
apparel.shorts,aquanet,1,1,0,1,0,0,225.49,225.49,225.49
apparel.shorts,canyon,1,0,0,0,,0,32.92,32.92,32.92
apparel.shorts,nintendo,1,0,0,0,,0,77.2,77.2,77.2
apparel.shorts,reimar,1,0,0,0,,0,139.26,139.26,139.26
apparel.shorts,triton,1,0,0,0,,0,151.84,325.12,222.9577778
apparel.shorts,trust,1,0,0,0,,0,39.1,39.1,39.1
apparel.shorts,valve,1,0,0,0,,0,97.3,97.3,97.3
apparel.skirt,abhika,1,0,0,0,,0,476.2,476.2,476.2
apparel.sock,ethan,1,0,0,0,,0,45.11,45.11,45.11
apparel.sock,visavis,1,0,0,0,,0,24.2,24.2,24.2
apparel.trousers,biomecanics,1,0,0,0,,0,51.48,51.48,51.48
apparel.trousers,bradex,1,0,0,0,,0,6.78,6.78,6.78
apparel.trousers,esmeralda,1,0,0,0,,0,463.33,463.33,463.33
apparel.trousers,garvalin,1,0,0,0,,0,23.17,23.17,23.17
apparel.trousers,huggies,1,1,0,1,0,0,3.15,3.15,3.15
apparel.trousers,livio,1,0,0,0,,0,463.33,463.33,463.33
apparel.trousers,marko,1,0,0,0,,0,36.01,36.01,36.01
apparel.trousers,onhillsport,1,0,0,0,,0,39.9,39.9,39.9
apparel.trousers,tecnica,1,0,0,0,,0,582.73,582.73,582.73
apparel.trousers,torneo,1,0,0,0,,0,26.73,26.73,26.73
apparel.tshirt,alca,1,0,0,0,,0,51.48,51.48,51.48
apparel.tshirt,alteco,1,0,0,0,,0,32.18,32.18,32.18
apparel.tshirt,avs,1,0,0,0,,0,59.89,59.89,59.89
apparel.tshirt,chameleon,1,0,0,0,,0,39.9,39.9,39.9
apparel.tshirt,clariss,1,0,0,0,,0,4.63,4.63,4.63
apparel.tshirt,dsp,1,0,0,0,,0,23.17,23.17,23.17
apparel.tshirt,lubimyjdom,1,0,0,0,,0,1026.02,1026.02,1026.02
apparel.tshirt,midea,1,0,0,0,,0,38.59,38.59,38.59
apparel.tshirt,otex,1,0,0,0,,0,64.35,64.35,64.35
apparel.tshirt,paiste,1,0,0,0,,0,60.75,60.75,60.75
apparel.tshirt,provoc,1,0,0,0,,0,11.58,11.58,11.58
apparel.tshirt,tera,1,0,0,0,,0,148.67,148.67,148.67
apparel.tshirt,termit,1,0,0,0,,0,197.49,259.27,228.38
apparel.tshirt,volkl,1,0,0,0,,0,285.04,285.04,285.04
apparel.underwear,arg,1,1,1,1,1,1,51.46,77.2,59.182
apparel.underwear,aria,1,0,0,0,,0,120.01,126.55,121.645
apparel.underwear,aspekt,1,0,0,0,,0,19.31,19.31,19.31
apparel.underwear,caprice,1,0,0,0,,0,135.14,135.14,135.14
apparel.underwear,eglo,1,0,0,0,,0,61.26,61.26,61.26
apparel.underwear,ergo,1,0,0,0,,0,114.55,114.55,114.55
apparel.underwear,fassen,1,0,0,0,,0,46.08,46.08,46.08
apparel.underwear,fipar,1,0,0,0,,0,42.99,42.99,42.99
apparel.underwear,flight,1,0,0,0,,0,71.3,71.3,71.3
apparel.underwear,gabor,1,0,0,0,,0,99.1,99.1,99.1
apparel.underwear,homage,1,0,0,0,,0,136.43,136.43,136.43
apparel.underwear,imperial,1,0,0,0,,0,277.46,277.46,277.46
apparel.underwear,jackson,1,0,0,0,,0,472.86,472.86,472.86
apparel.underwear,mann-filter,1,0,0,0,,0,10.55,10.55,10.55
apparel.underwear,marko,1,0,0,0,,0,100.36,100.36,100.36
apparel.underwear,noname,1,0,0,0,,0,4.12,4.12,4.12
apparel.underwear,nux,1,0,0,0,,0,1050.22,1050.22,1050.22
apparel.underwear,orla,1,0,0,0,,0,604.91,604.91,604.91
apparel.underwear,ovk,1,0,0,0,,0,26.26,26.26,26.26
apparel.underwear,remonte,1,0,0,0,,0,64.09,64.09,64.09
apparel.underwear,schecter,1,0,0,0,,0,239.39,239.39,239.39
apparel.underwear,sirpi,1,0,0,0,,0,42.47,42.47,42.47
apparel.underwear,solozar,1,0,0,0,,0,164.74,164.74,164.74
apparel.underwear,squier,1,0,0,0,,0,341.06,341.06,341.06
apparel.underwear,stagg,1,0,0,0,,0,46.33,46.33,46.33
apparel.underwear,suzuki,1,0,0,0,,0,41.19,41.19,41.19
apparel.underwear,tutti,1,0,0,0,,0,41.19,41.19,41.19
apparel.underwear,wallberry,1,0,0,0,,0,10.81,10.81,10.81
appliances.environment.air_conditioner,alecord,1,0,0,0,,0,248.08,248.08,248.08
appliances.environment.air_conditioner,arg,1,0,0,0,,0,218.77,218.77,218.77
appliances.environment.air_conditioner,carver,1,0,0,0,,0,31.66,31.66,31.66
appliances.environment.air_conditioner,fantasia,1,0,0,0,,0,389.02,389.02,389.02
appliances.environment.air_conditioner,hotpoint-ariston,1,0,0,0,,0,331.8,331.8,331.8
appliances.environment.air_conditioner,worth,1,0,0,0,,0,21.11,21.11,21.11
appliances.environment.air_heater,ballu,1,0,0,0,,0,30.86,30.86,30.86
appliances.environment.air_heater,ditreex,1,0,0,0,,0,26.1,26.1,26.1
appliances.environment.air_heater,evga,1,0,0,0,,0,628.85,628.85,628.85
appliances.environment.air_heater,optima,1,0,0,0,,0,16.88,29.58,25.95142857
appliances.environment.air_heater,sinotex,1,0,0,0,,0,99.42,99.42,99.42
appliances.environment.air_heater,timberk,1,0,0,0,,0,46.31,46.31,46.31
appliances.environment.air_heater,willmark,1,0,0,0,,0,15.42,15.42,15.42
appliances.environment.air_heater,zotac,1,0,0,0,,0,199.96,199.96,199.96
appliances.environment.climate,ergo,1,0,0,0,,0,91.38,91.38,91.38
appliances.environment.fan,polaris,1,0,0,0,,0,51.46,51.46,51.46
appliances.environment.fan,tefal,1,0,0,0,,0,69.47,69.47,69.47
appliances.environment.vacuum,arg,1,0,0,0,,0,43.73,43.73,43.73
appliances.environment.vacuum,berlinger,1,0,0,0,,0,61.01,61.01,61.01
appliances.environment.vacuum,biemmedue,1,0,0,0,,0,733.61,733.61,733.61
appliances.environment.vacuum,bork,1,0,0,0,,0,355.2,694.97,525.085
appliances.environment.vacuum,caiman,1,0,0,0,,0,630.65,630.65,630.65
appliances.environment.vacuum,clatronic,1,0,0,0,,0,23.81,23.81,23.81
appliances.environment.vacuum,defacto,1,0,0,0,,0,5.12,5.12,5.12
appliances.environment.vacuum,dewalt,1,0,0,0,,0,590.04,590.04,590.04
appliances.environment.vacuum,efba,1,0,0,0,,0,48.88,48.88,48.88
appliances.environment.vacuum,einhell,1,0,0,0,,0,103.07,103.07,103.07
appliances.environment.vacuum,electrolux,1,0,0,0,,0,471.41,471.41,471.41
appliances.environment.vacuum,hobot,1,0,0,0,,0,598.99,598.99,598.99
appliances.environment.vacuum,hoover,1,0,0,0,,0,151.84,151.84,151.84
appliances.environment.vacuum,hotpoint-ariston,1,0,0,0,,0,94.59,94.59,94.59
appliances.environment.vacuum,hyundai,1,0,0,0,,0,953.69,953.69,953.69
appliances.environment.vacuum,metabo,1,0,0,0,,0,306.56,306.56,306.56
appliances.environment.vacuum,nord,1,0,0,0,,0,49.77,49.77,49.77
appliances.environment.vacuum,obi,1,0,0,0,,0,297.87,297.87,297.87
appliances.environment.vacuum,rebus,1,0,0,0,,0,92.64,118.38,104.6533333
appliances.environment.vacuum,springfree,1,1,0,1,0,0,657.65,657.65,657.65
appliances.environment.vacuum,x-game,1,0,0,0,,0,169.63,169.63,169.63
appliances.environment.water_heater,polaris,1,0,0,0,,0,68.65,68.65,68.65
appliances.iron,philips,1,0,0,0,,0,86.59,86.59,86.59
appliances.iron,saturn,1,0,0,0,,0,7.7,7.7,7.7
appliances.ironing_board,harper,1,0,0,0,,0,20.57,20.57,20.57
appliances.ironing_board,kk,1,0,0,0,,0,298.59,298.59,298.59
appliances.ironing_board,pinax,1,0,0,0,,0,5.53,5.53,5.53
appliances.ironing_board,remain,1,0,0,0,,0,207.98,207.98,207.98
appliances.ironing_board,tdm,1,0,0,0,,0,17.22,17.22,17.22
appliances.kitchen.blender,bork,1,0,0,0,,0,386.08,386.08,386.08
appliances.kitchen.blender,elenberg,1,0,0,0,,0,25.71,25.71,25.71
appliances.kitchen.blender,first,1,0,0,0,,0,32.95,32.95,32.95
appliances.kitchen.blender,lumme,1,0,0,0,,0,27.93,27.93,27.93
appliances.kitchen.blender,sencor,1,1,0,1,0,0,38.59,38.59,38.59
appliances.kitchen.blender,smeg,1,0,0,0,,0,170.37,285.07,227.72
appliances.kitchen.dishwasher,flavia,1,0,0,0,,0,288.89,288.89,288.89
appliances.kitchen.dishwasher,fornelli,1,0,0,0,,0,369.69,369.69,369.69
appliances.kitchen.dishwasher,haier,1,0,0,0,,0,427.27,427.27,427.27
appliances.kitchen.dishwasher,indesit,1,0,0,0,,0,395.87,395.87,395.87
appliances.kitchen.dishwasher,kaiser,1,0,0,0,,0,767.07,767.07,767.07
appliances.kitchen.dishwasher,whirlpool,1,0,0,0,,0,664.08,664.08,664.08
appliances.kitchen.dishwasher,whirpool,1,0,0,0,,0,499.19,499.19,499.19
appliances.kitchen.grill,baboo,1,0,0,0,,0,25.71,25.71,25.71
appliances.kitchen.grill,beurer,1,0,0,0,,0,54.06,54.06,54.06
appliances.kitchen.grill,boyscout,1,0,0,0,,0,12.77,12.77,12.77
appliances.kitchen.grill,chicco,1,0,0,0,,0,30.27,30.27,30.27
appliances.kitchen.grill,galaxy,1,0,0,0,,0,16.19,16.45,16.32
appliances.kitchen.grill,gorenje,1,0,0,0,,0,33.44,33.44,33.44
appliances.kitchen.grill,gulliver,1,0,0,0,,0,60.49,60.49,60.49
appliances.kitchen.grill,kamado,1,0,0,0,,0,900.92,900.92,900.92
appliances.kitchen.grill,kitfort,1,0,0,0,,0,30.61,30.61,30.61
appliances.kitchen.grill,lalaloopsy,1,0,0,0,,0,6.07,6.07,6.07
appliances.kitchen.grill,lilipups,1,0,0,0,,0,27.27,27.27,27.27
appliances.kitchen.grill,lori,1,0,0,0,,0,20.54,20.54,20.54
appliances.kitchen.grill,momert,1,0,0,0,,0,29.11,29.11,29.11
appliances.kitchen.grill,moulinex,1,0,0,0,,0,39.36,39.36,39.36
appliances.kitchen.grill,palisad,1,0,0,0,,0,70.01,70.01,70.01
appliances.kitchen.grill,polini,1,0,0,0,,0,82.34,82.34,82.34
appliances.kitchen.grill,smeg,1,0,0,0,,0,174.57,174.57,174.57
appliances.kitchen.grill,stokke,1,0,0,0,,0,545.65,545.65,545.65
appliances.kitchen.grill,weber,1,0,0,0,,0,161.56,161.56,161.56
appliances.kitchen.hob,akpo,1,0,0,0,,0,244.08,412.56,328.32
appliances.kitchen.hob,bompani,1,0,0,0,,0,134.04,134.04,134.04
appliances.kitchen.hob,electronicsdeluxe,1,0,0,0,,0,145.16,145.16,145.16
appliances.kitchen.hob,fornelli,1,0,0,0,,0,227.03,227.03,227.03
appliances.kitchen.hob,franke,1,0,0,0,,0,428.19,428.19,428.19
appliances.kitchen.hob,gorenje,1,0,0,0,,0,193.03,193.03,193.03
appliances.kitchen.hob,oasis,1,0,0,0,,0,180.16,180.16,180.16
appliances.kitchen.hob,smeg,1,0,0,0,,0,1441.3,1484.07,1469.813333
appliances.kitchen.hob,vitek,1,0,0,0,,0,30.86,30.86,30.86
appliances.kitchen.hood,hilti,1,0,0,0,,0,266.66,266.66,266.66
appliances.kitchen.hood,lux-tools,1,0,0,0,,0,38.98,38.98,38.98
appliances.kitchen.hood,mbs,1,0,0,0,,0,92.64,92.64,92.64
appliances.kitchen.hood,milwaukee,1,0,0,0,,0,241.02,241.02,241.02
appliances.kitchen.hood,oasis,1,0,0,0,,0,57.66,57.66,57.66
appliances.kitchen.hood,ryobi,1,0,0,0,,0,163.05,163.05,163.05
appliances.kitchen.hood,stanley,1,0,0,0,,0,30.37,160.88,108.676
appliances.kitchen.hood,tch,1,0,0,0,,0,23.16,23.16,23.16
appliances.kitchen.hood,texa,1,0,0,0,,0,22.91,22.91,22.91
appliances.kitchen.juicer,adata,1,0,0,0,,0,173.15,232.41,202.78
appliances.kitchen.juicer,corsair,1,0,0,0,,0,572.99,572.99,572.99
appliances.kitchen.juicer,merry,1,0,0,0,,0,23.27,27.64,25.455
appliances.kitchen.juicer,philips,1,0,0,0,,0,334.63,334.63,334.63
appliances.kitchen.kettle,bergner,1,0,0,0,,0,47.23,47.23,47.23
appliances.kitchen.kettle,ccm,1,0,0,0,,0,144.15,144.15,144.15
appliances.kitchen.kettle,einhell,1,0,0,0,,0,77.22,77.22,77.22
appliances.kitchen.kettle,festool,1,0,0,0,,0,717.01,717.01,717.01
appliances.kitchen.kettle,gipfel,1,0,0,0,,0,18.5,23.65,20.21666667
appliances.kitchen.kettle,inhouse,1,0,0,0,,0,21.86,21.86,21.86
appliances.kitchen.kettle,kolner,1,0,0,0,,0,58.94,58.94,58.94
appliances.kitchen.kettle,lamart,1,0,0,0,,0,31.4,31.4,31.4
appliances.kitchen.kettle,philips,1,0,0,0,,0,38.59,38.59,38.59
appliances.kitchen.kettle,ride,1,0,0,0,,0,92.41,92.41,92.41
appliances.kitchen.kettle,rondell,1,0,0,0,,0,17.83,17.83,17.83
appliances.kitchen.kettle,tefal,1,0,0,0,,0,7.95,7.95,7.95
appliances.kitchen.kettle,trust,1,0,0,0,,0,71.83,71.83,71.83
appliances.kitchen.kettle,vicalina,1,0,0,0,,0,43.76,43.76,43.76
appliances.kitchen.kettle,wortex,1,0,0,0,,0,61.75,61.75,61.75
appliances.kitchen.kettle,zwilling,1,0,0,0,,0,1031.97,1031.97,1031.97
appliances.kitchen.meat_grinder,etor,1,0,0,0,,0,126.13,126.13,126.13
appliances.kitchen.meat_grinder,marko,1,0,0,0,,0,56.6,56.6,56.6
appliances.kitchen.meat_grinder,panasonic,1,0,0,0,,0,257.38,257.38,257.38
appliances.kitchen.microwave,elenberg,1,0,0,0,,0,51.46,51.46,51.46
appliances.kitchen.mixer,bosch,1,0,0,0,,0,82.34,82.34,82.34
appliances.kitchen.mixer,e-twow,1,0,0,0,,0,690.9,690.9,690.9
appliances.kitchen.mixer,globber,1,0,0,0,,0,133.59,133.59,133.59
appliances.kitchen.mixer,gorenje,1,0,0,0,,0,41.16,41.16,41.16
appliances.kitchen.mixer,graffiti,1,0,0,0,,0,19.63,19.63,19.63
appliances.kitchen.mixer,hottek,1,0,0,0,,0,47.59,47.59,47.59
appliances.kitchen.mixer,kenwood,1,0,0,0,,0,11.04,11.04,11.04
appliances.kitchen.mixer,maomaoku,1,0,0,0,,0,474.87,474.87,474.87
appliances.kitchen.mixer,midou,1,0,0,0,,0,38.59,38.59,38.59
appliances.kitchen.mixer,moulinex,1,0,0,0,,0,77.2,77.2,77.2
appliances.kitchen.mixer,scarlett,1,0,0,0,,0,41.16,41.16,41.16
appliances.kitchen.mixer,schreuders,1,0,0,0,,0,170.4,170.4,170.4
appliances.kitchen.mixer,sencor,1,0,0,0,,0,509.67,509.67,509.67
appliances.kitchen.mixer,sunbody,1,0,0,0,,0,60.49,60.49,60.49
appliances.kitchen.mixer,tomoloo,1,0,0,0,,0,437.33,437.33,437.33
appliances.kitchen.mixer,toocool,1,0,0,0,,0,26.77,26.77,26.77
appliances.kitchen.mixer,unit,1,0,0,0,,0,115.58,115.58,115.58
appliances.kitchen.mixer,zinc,1,0,0,0,,0,15.44,15.44,15.44
appliances.kitchen.oven,arg,1,0,0,0,,0,41.16,41.16,41.16
appliances.kitchen.oven,candy,1,0,0,0,,0,514.79,514.79,514.79
appliances.kitchen.oven,centek,1,0,0,0,,0,76.18,76.18,76.18
appliances.kitchen.oven,oursson,1,0,0,0,,0,105.51,105.51,105.51
appliances.kitchen.oven,rebus,1,0,0,0,,0,45.85,61.02,51.6425
appliances.kitchen.refrigerators,almacom,1,0,0,0,,0,105.64,105.64,105.64
appliances.kitchen.refrigerators,artel,1,0,0,0,,0,397.95,397.95,397.95
appliances.kitchen.refrigerators,asrock,1,0,0,0,,0,157.35,157.35,157.35
appliances.kitchen.refrigerators,asus,1,0,0,0,,0,247.97,247.97,247.97
appliances.kitchen.refrigerators,cameron,1,0,0,0,,0,875.16,875.16,875.16
appliances.kitchen.refrigerators,caso,1,0,0,0,,0,314.27,314.27,314.27
appliances.kitchen.refrigerators,dunavox,1,0,0,0,,0,600.1,600.1,600.1
appliances.kitchen.refrigerators,electrolux,1,0,0,0,,0,772.19,1024.2,940.1966667
appliances.kitchen.refrigerators,evrika,1,0,0,0,,0,257.15,257.15,257.15
appliances.kitchen.refrigerators,flex,1,0,0,0,,0,49.91,49.91,49.91
appliances.kitchen.refrigerators,imperial,1,0,0,0,,0,124.56,124.56,124.56
appliances.kitchen.refrigerators,kitfort,1,0,0,0,,0,180.16,180.16,180.16
appliances.kitchen.refrigerators,konov,1,0,0,0,,0,180.18,180.18,180.18
appliances.kitchen.refrigerators,listvig,1,0,0,0,,0,169.89,169.89,169.89
appliances.kitchen.refrigerators,mystar,1,0,0,0,,0,76.96,76.96,76.96
appliances.kitchen.refrigerators,nokia,1,0,0,0,,0,102.94,102.94,102.94
appliances.kitchen.refrigerators,shivaki,1,0,0,0,,0,193.03,193.03,193.03
appliances.kitchen.refrigerators,zeta,1,0,0,0,,0,141.57,141.57,141.57
appliances.kitchen.toster,acme,1,0,0,0,,0,39.87,46.08,42.975
appliances.kitchen.toster,apart,1,0,0,0,,0,28.86,28.86,28.86
appliances.kitchen.toster,autopower,1,0,0,0,,0,66.44,66.44,66.44
appliances.kitchen.toster,biema,1,0,0,0,,0,375.81,512.24,444.025
appliances.kitchen.toster,biwec,1,0,0,0,,0,174.26,174.26,174.26
appliances.kitchen.toster,bosch,1,0,0,0,,0,90.09,90.09,90.09
appliances.kitchen.toster,centurion,1,0,0,0,,0,385.85,385.85,385.85
appliances.kitchen.toster,chicco,1,0,0,0,,0,51.46,51.46,51.46
appliances.kitchen.toster,dahon,1,0,0,0,,0,504.26,504.26,504.26
appliances.kitchen.toster,delonghi,1,0,0,0,,0,43.73,205.9,173.466
appliances.kitchen.toster,fender,1,0,0,0,,0,1347.78,1347.78,1347.78
appliances.kitchen.toster,galaxy,1,0,0,0,,0,15.68,15.68,15.68
appliances.kitchen.toster,glamvers,1,0,0,0,,0,176.32,176.32,176.32
appliances.kitchen.toster,hygge,1,0,0,0,,0,243.51,305.03,264.0166667
appliances.kitchen.toster,jbl,1,0,0,0,,0,478.78,478.78,478.78
appliances.kitchen.toster,kitchenaid,1,0,0,0,,0,309.09,309.09,309.09
appliances.kitchen.toster,lg,1,0,0,0,,0,257.38,257.38,257.38
appliances.kitchen.toster,liberty,1,0,0,0,,0,540.55,540.55,540.55
appliances.kitchen.toster,magaudio,1,0,0,0,,0,289.23,340.55,314.89
appliances.kitchen.toster,maxwell,1,0,0,0,,0,17.99,17.99,17.99
appliances.kitchen.toster,momert,1,0,0,0,,0,24.45,24.45,24.45
appliances.kitchen.toster,mongoose,1,0,0,0,,0,195.89,195.89,195.89
appliances.kitchen.toster,novatrack,1,0,0,0,,0,116.75,116.75,116.75
appliances.kitchen.toster,peavey,1,0,0,0,,0,518.01,518.01,518.01
appliances.kitchen.toster,pinarello,1,0,0,0,,0,2393.63,2393.63,2393.63
appliances.kitchen.toster,pioneer,1,0,0,0,,0,223.94,589.46,467.62
appliances.kitchen.toster,samson,1,0,0,0,,0,669.26,669.26,669.26
appliances.kitchen.toster,schwinn,1,0,0,0,,0,269.76,269.76,269.76
appliances.kitchen.toster,segway,1,0,0,0,,0,406.54,406.54,406.54
appliances.kitchen.toster,smartway,1,0,0,0,,0,208.08,208.08,208.08
appliances.kitchen.toster,smeg,1,0,0,0,,0,278.82,278.82,278.82
appliances.kitchen.toster,torgue,1,0,0,0,,0,334.63,334.63,334.63
appliances.kitchen.toster,turbosound,1,0,0,0,,0,633.99,633.99,633.99
appliances.kitchen.toster,varta,1,0,0,0,,0,386.11,386.11,386.11
appliances.kitchen.toster,viva,1,0,0,0,,0,208.24,208.24,208.24
appliances.kitchen.toster,wethepeople,1,0,0,0,,0,385.85,566.04,476.8033333
appliances.kitchen.washer,bosher,1,1,0,1,0,0,102.94,102.94,102.94
appliances.kitchen.washer,gorenje,1,0,0,0,,0,373.21,373.21,373.21
appliances.kitchen.washer,optima,1,0,0,0,,0,347.47,347.47,347.47
appliances.kitchen.washer,rebus,1,0,0,0,,0,136.01,136.01,136.01
appliances.kitchen.washer,smeg,1,0,0,0,,0,1558.67,1558.67,1558.67
appliances.personal.hair_cutter,first,1,0,0,0,,0,6.67,6.67,6.67
appliances.personal.hair_cutter,meizer,1,0,0,0,,0,4.12,4.12,4.12
appliances.personal.hair_cutter,moser,1,0,0,0,,0,21.31,21.31,21.31
appliances.personal.massager,adili,1,0,0,0,,0,38.1,38.1,38.1
appliances.personal.massager,alerana,1,0,0,0,,0,6.18,6.18,6.18
appliances.personal.massager,alveus,1,1,0,1,0,0,51.46,51.46,51.46
appliances.personal.massager,best,1,0,0,0,,0,95.09,95.09,95.09
appliances.personal.massager,bioderma,1,0,0,0,,0,10.68,12.23,11.455
appliances.personal.massager,candy,1,0,0,0,,0,144.12,144.12,144.12
appliances.personal.massager,cd,1,0,0,0,,0,6.6,6.6,6.6
appliances.personal.massager,cocochoco,1,0,0,0,,0,2.65,2.65,2.65
appliances.personal.massager,dexp,1,0,0,0,,0,107.57,107.57,107.57
appliances.personal.massager,elica,1,0,0,0,,0,512.7,512.7,512.7
appliances.personal.massager,faber,1,0,0,0,,0,82.16,82.16,82.16
appliances.personal.massager,fitaqua,1,0,0,0,,0,669.26,669.26,669.26
appliances.personal.massager,framesi,1,0,0,0,,0,33.85,33.85,33.85
appliances.personal.massager,gkhair,1,0,0,0,,0,24.45,24.45,24.45
appliances.personal.massager,hotpoint-ariston,1,0,0,0,,0,259.96,259.96,259.96
appliances.personal.massager,indesit,1,0,0,0,,0,104.22,104.22,104.22
appliances.personal.massager,insight,1,0,0,0,,0,14.16,14.16,14.16
appliances.personal.massager,laufen,1,0,0,0,,0,682.33,768.54,725.435
appliances.personal.massager,luxell,1,0,0,0,,0,48.91,48.91,48.91
appliances.personal.massager,mibb,1,0,0,0,,0,537.98,537.98,537.98
appliances.personal.massager,olto,1,0,0,0,,0,243.63,243.63,243.63
appliances.personal.massager,redken,1,0,0,0,,0,33.59,33.59,33.59
appliances.personal.massager,sanovit,1,0,0,0,,0,48.96,48.96,48.96
appliances.personal.massager,santek,1,0,0,0,,0,29.43,30.72,30.075
appliances.personal.massager,saturn,1,0,0,0,,0,497,497,497
appliances.personal.massager,shindo,1,0,0,0,,0,58.43,58.43,58.43
appliances.personal.massager,smeg,1,0,0,0,,0,375,375,375
appliances.personal.massager,synology,1,0,0,0,,0,572.99,572.99,572.99
appliances.personal.massager,trichup,1,0,0,0,,0,5.53,5.53,5.53
appliances.personal.massager,vichy,1,0,0,0,,0,10.04,10.04,10.04
appliances.personal.massager,wonderlab,1,0,0,0,,0,8.98,8.98,8.98
appliances.personal.massager,x-game,1,0,0,0,,0,71.53,71.53,71.53
appliances.personal.massager,zanussi,1,0,0,0,,0,231.64,231.64,231.64
appliances.personal.massager,zorg,1,0,0,0,,0,210.73,210.73,210.73
appliances.personal.scales,alteco,1,0,0,0,,0,31.79,31.79,31.79
appliances.personal.scales,demix,1,0,0,0,,0,26.9,32.08,29.48666667
appliances.personal.scales,kolner,1,0,0,0,,0,36.39,36.39,36.39
appliances.personal.scales,m-audio,1,0,0,0,,0,313.62,313.62,313.62
appliances.personal.scales,makita,1,0,0,0,,0,141.57,226.26,198.03
appliances.personal.scales,saturn,1,0,0,0,,0,8.75,8.75,8.75
appliances.sewing_machine,aurora,1,0,0,0,,0,174.78,174.78,174.78
appliances.sewing_machine,naomi,1,0,0,0,,0,102.71,167.29,145.7633333
auto.accessories.alarm,body-solid,1,0,0,0,,0,341.32,341.32,341.32
auto.accessories.alarm,starline,1,0,0,0,,0,149.3,149.3,149.3
auto.accessories.alarm,torneo,1,0,0,0,,0,22.65,22.65,22.65
auto.accessories.compressor,bosch,1,0,0,0,,0,69.91,69.91,69.91
auto.accessories.compressor,cowon,1,0,0,0,,0,143.26,143.26,143.26
auto.accessories.compressor,diamant,1,0,0,0,,0,293.96,293.96,293.96
auto.accessories.compressor,fiio,1,0,0,0,,0,89.84,200.52,143.4633333
auto.accessories.light,aurora,1,0,0,0,,0,15.44,95.24,55.77
auto.accessories.parktronic,aquatic,1,0,0,0,,0,7.59,7.59,7.59
auto.accessories.parktronic,dam,1,0,0,0,,0,8.78,8.78,8.78
auto.accessories.parktronic,prologic,1,0,0,0,,0,43.97,94.47,69.22
auto.accessories.parktronic,salmo,1,0,0,0,,0,10.73,10.73,10.73
auto.accessories.parktronic,sandisk,1,0,0,0,,0,8.98,8.98,8.98
auto.accessories.player,pioneer,1,0,0,0,,0,205.93,205.93,205.93
auto.accessories.player,swat,1,0,0,0,,0,28.83,28.83,28.83
auto.accessories.radar,akg,1,0,0,0,,0,306.31,306.31,306.31
auto.accessories.radar,beyerdynamic,1,1,0,1,0,0,40.99,40.99,40.99
auto.accessories.radar,defender,1,0,0,0,,0,3.61,3.61,3.61
auto.accessories.radar,kingston,1,0,0,0,,0,125.63,125.63,125.63
auto.accessories.radar,marantz,1,0,0,0,,0,66.02,66.02,66.02
auto.accessories.radar,olympus,1,0,0,0,,0,23.14,23.14,23.14
auto.accessories.radar,redragon,1,0,0,0,,0,45.56,45.56,45.56
auto.accessories.radar,sennheiser,1,0,0,0,,0,276.28,276.28,276.28
auto.accessories.radar,stagg,1,0,0,0,,0,118.41,118.41,118.41
auto.accessories.radar,sven,1,0,0,0,,0,2.42,2.42,2.42
auto.accessories.videoregister,xiaomi,1,0,0,0,,0,97.56,97.56,97.56
auto.accessories.winch,floresan,1,0,0,0,,0,3.2,3.2,3.2
auto.accessories.winch,framesi,1,0,0,0,,0,19.56,19.56,19.56
auto.accessories.winch,kativa,1,0,0,0,,0,9.78,9.78,9.78
auto.accessories.winch,kerastase,1,0,0,0,,0,53.41,71.04,67.15833333
auto.accessories.winch,kerasys,1,0,0,0,,0,5.79,6.44,6.161428571
auto.accessories.winch,missha,1,0,0,0,,0,11.2,11.2,11.2
computers.components.cooler,blackmores,1,0,0,0,,0,22.91,22.91,22.91
computers.components.cooler,bork,1,0,0,0,,0,1065.64,1065.64,1065.64
computers.components.cooler,bsn,1,0,0,0,,0,29.73,29.73,29.73
computers.components.cooler,fit-rx,1,0,0,0,,0,12.61,12.61,12.61
computers.components.cooler,gipfel,1,0,0,0,,0,75.84,75.84,75.84
computers.components.cooler,krups,1,0,0,0,,0,489.05,833.97,661.51
computers.components.cooler,panasonic,1,0,0,0,,0,55.4,55.4,55.4
computers.components.cooler,sencor,1,0,0,0,,0,23.14,23.14,23.14
computers.components.cooler,ultimate,1,0,0,0,,0,11.71,11.71,11.71
computers.components.cooler,weider,1,0,0,0,,0,11.71,11.71,11.71
computers.components.cooler,xiaomi,1,0,0,0,,0,128.45,128.45,128.45
computers.components.cooler,yamaha,1,0,0,0,,0,7.06,7.06,7.06
computers.components.hdd,Unknown,1,0,0,0,,0,143.89,143.89,143.89
computers.components.hdd,seagate,1,0,0,0,,0,257.15,257.15,257.15
computers.components.motherboard,ski-doo,1,0,0,0,,0,149.79,149.79,149.79
computers.components.power_supply,accesstyle,1,0,0,0,,0,33.15,33.15,33.15
computers.components.power_supply,acme,1,0,0,0,,0,9.16,9.16,9.16
computers.components.power_supply,apple,1,0,0,0,,0,411.85,411.85,411.85
computers.components.power_supply,bbk,1,0,0,0,,0,154.19,154.19,154.19
computers.components.power_supply,chieftec,1,0,0,0,,0,114.85,114.85,114.85
computers.components.power_supply,crown,1,0,0,0,,0,5.15,5.15,5.15
computers.components.power_supply,edifier,1,0,0,0,,0,15.15,15.15,15.15
computers.components.power_supply,elari,1,0,0,0,,0,15.42,15.42,15.42
computers.components.power_supply,gigabyte,1,0,0,0,,0,173.62,173.62,173.62
computers.components.power_supply,gigazone,1,0,0,0,,0,7.7,7.7,7.7
computers.components.power_supply,harper,1,0,0,0,,0,7.95,7.95,7.95
computers.components.power_supply,luxvisage,1,0,0,0,,0,2.57,2.57,2.57
computers.components.power_supply,max,1,0,0,0,,0,77.2,77.2,77.2
computers.components.power_supply,microlab,1,0,0,0,,0,17.76,17.76,17.76
computers.components.power_supply,rombica,1,0,0,0,,0,15.42,15.42,15.42
computers.components.power_supply,trust,1,0,0,0,,0,25.71,25.71,25.71
computers.components.power_supply,zalman,1,0,0,0,,0,37.04,37.04,37.04
computers.components.videocards,Unknown,1,0,0,0,,0,57.4,57.4,57.4
computers.components.videocards,asus,1,0,0,0,,0,965.25,965.25,965.25
computers.components.videocards,gigabyte,1,0,0,0,,0,269.31,269.31,269.31
computers.desktop,alilo,1,1,0,1,0,0,53.54,53.54,53.54
computers.desktop,apple,1,0,0,0,,0,1415.71,1415.71,1415.71
computers.desktop,askona,1,0,0,0,,0,20.34,20.34,20.34
computers.desktop,avalon,1,0,0,0,,0,205.15,205.15,205.15
computers.desktop,bertoni,1,0,0,0,,0,25.74,25.74,25.74
computers.desktop,beyond,1,0,0,0,,0,10.04,10.04,10.04
computers.desktop,bsn,1,0,0,0,,0,70.01,70.01,70.01
computers.desktop,continental,1,0,0,0,,0,128.32,128.32,128.32
computers.desktop,eagle,1,0,0,0,,0,49.27,49.27,49.27
computers.desktop,elbasco,1,0,0,0,,0,4.14,4.14,4.14
computers.desktop,grohe,1,0,0,0,,0,94.08,264.63,147.1914286
computers.desktop,gulliver,1,0,0,0,,0,65.64,65.64,65.64
computers.desktop,henglei,1,0,0,0,,0,20.85,20.85,20.85
computers.desktop,i-baby,1,0,0,0,,0,5.92,8.49,7.205
computers.desktop,imou,1,0,0,0,,0,71.79,71.79,71.79
computers.desktop,magnetta,1,0,0,0,,0,187.78,187.78,187.78
computers.desktop,mebelson,1,0,0,0,,0,120.18,120.18,120.18
computers.desktop,powertrac,1,0,0,0,,0,36.91,36.91,36.91
computers.desktop,rieker,1,0,0,0,,0,17.76,17.76,17.76
computers.desktop,rossinka,1,0,0,0,,0,39.64,39.64,39.64
computers.desktop,sinopine,1,0,0,0,,0,98.84,98.84,98.84
computers.desktop,stokke,1,0,0,0,,0,56.6,56.6,56.6
computers.desktop,trazano,1,0,0,0,,0,283.92,283.92,283.92
computers.desktop,vegas,1,0,0,0,,0,54.31,54.31,54.31
computers.desktop,walkmaxx,1,0,0,0,,0,51.46,51.46,51.46
computers.ebooks,bmw,1,0,0,0,,0,141.57,141.57,141.57
computers.ebooks,ryobi,1,0,0,0,,0,64.26,116.74,90.5
computers.ebooks,stihl,1,0,0,0,,0,152.38,152.38,152.38
computers.ebooks,t-max,1,0,0,0,,0,146.72,146.72,146.72
computers.ebooks,wonlex,1,0,0,0,,0,46.05,46.05,46.05
computers.notebook,acer,1,0,0,0,,0,514.79,514.79,514.79
computers.notebook,clariss,1,0,0,0,,0,2.06,2.06,2.06
computers.notebook,samsung,1,0,0,0,,0,77.09,77.09,77.09
computers.notebook,xiaomi,1,0,0,0,,0,771.96,771.96,771.96
computers.peripherals.camera,billi,1,0,0,0,,0,8.47,8.47,8.47
computers.peripherals.camera,smeg,1,0,0,0,,0,70.44,70.44,70.44
computers.peripherals.camera,werner,1,0,0,0,,0,23.65,23.65,23.65
computers.peripherals.monitor,acer,1,0,0,0,,0,459.47,459.47,459.47
computers.peripherals.monitor,samsung,1,0,0,0,,0,368.72,368.72,368.72
computers.peripherals.mouse,cougar,1,0,0,0,,0,51.22,51.22,51.22
computers.peripherals.mouse,crown,1,0,0,0,,0,3.49,3.49,3.49
computers.peripherals.mouse,enermax,1,0,0,0,,0,10.23,75.63,24.89222222
computers.peripherals.mouse,greyder,1,0,0,0,,0,86.49,86.49,86.49
computers.peripherals.mouse,id-cooling,1,0,0,0,,0,51.6,51.6,51.6
computers.peripherals.mouse,kenko,1,0,0,0,,0,156.5,156.5,156.5
computers.peripherals.mouse,marko,1,0,0,0,,0,51.46,51.46,51.46
computers.peripherals.mouse,msi,1,0,0,0,,0,105.23,105.23,105.23
computers.peripherals.mouse,razer,1,0,0,0,,0,40.9,40.9,40.9
computers.peripherals.mouse,remonte,1,0,0,0,,0,53.8,53.8,53.8
computers.peripherals.mouse,spur,1,0,0,0,,0,21.62,21.62,21.62
computers.peripherals.mouse,weekend,1,0,0,0,,0,329.48,329.48,329.48
computers.peripherals.printer,dekok,1,0,0,0,,0,20.57,20.57,20.57
computers.peripherals.printer,granat,1,0,0,0,,0,52,52,52
computers.peripherals.printer,polini,1,0,0,0,,0,61.75,61.75,61.75
computers.peripherals.printer,samsung,1,0,0,0,,0,187.88,187.88,187.88
construction.components.faucet,trollbeads,1,0,0,0,,0,140.88,140.88,140.88
construction.tools.axe,kartal,1,0,0,0,,0,21.24,21.24,21.24
construction.tools.axe,stanley,1,0,0,0,,0,20.08,20.08,20.08
construction.tools.axe,xiaomi,1,0,0,0,,0,29.45,29.45,29.45
construction.tools.drill,alpine,1,0,0,0,,0,77.22,77.22,77.22
construction.tools.drill,anta,1,0,0,0,,0,58.95,58.95,58.95
construction.tools.drill,asics,1,0,0,0,,0,70.01,102.71,86.36
construction.tools.drill,audison,1,0,0,0,,0,432.98,1089.76,925.565
construction.tools.drill,avatar,1,0,0,0,,0,74.08,74.08,74.08
construction.tools.drill,bosch,1,0,0,0,,0,471.6,471.6,471.6
construction.tools.drill,bovidix,1,0,0,0,,0,5.79,28.01,20.60333333
construction.tools.drill,bugatti,1,0,0,0,,0,87.52,87.52,87.52
construction.tools.drill,dls,1,0,0,0,,0,123.56,252.26,187.58625
construction.tools.drill,dwt,1,0,0,0,,0,37.32,37.32,37.32
construction.tools.drill,edge,1,0,0,0,,0,182.75,182.75,182.75
construction.tools.drill,etor,1,0,0,0,,0,100.39,100.39,100.39
construction.tools.drill,jordan,1,0,0,0,,0,159.33,159.33,159.33
construction.tools.drill,jvc,1,0,0,0,,0,64.35,115.83,100.386
construction.tools.drill,kicker,1,0,0,0,,0,509.67,509.67,509.67
construction.tools.drill,proxxon,1,0,0,0,,0,47.34,47.34,47.34
construction.tools.drill,redbo,1,0,0,0,,0,18.53,24.45,22.17833333
construction.tools.drill,ryobi,1,0,0,0,,0,96.42,96.42,96.42
construction.tools.drill,silverlit,1,0,0,0,,0,115.83,115.83,115.83
construction.tools.generator,brizoll,1,0,0,0,,0,17.7,17.7,17.7
construction.tools.generator,calve,1,0,0,0,,0,9.52,12.87,10.3575
construction.tools.generator,delimano,1,0,0,0,,0,33.44,33.44,33.44
construction.tools.generator,polaris,1,0,0,0,,0,11.04,11.56,11.21333333
construction.tools.generator,rock,1,0,0,0,,0,27.84,27.84,27.84
construction.tools.generator,toro,1,0,0,0,,0,70.66,70.66,70.66
construction.tools.generator,tramontina,1,0,0,0,,0,136.64,136.64,136.64
construction.tools.generator,vinzer,1,0,0,0,,0,59,59,59
construction.tools.light,casada,1,0,0,0,,0,592.04,592.04,592.04
construction.tools.light,eago,1,0,0,0,,0,280.57,280.57,280.57
construction.tools.light,envision,1,0,0,0,,0,144.87,144.87,144.87
construction.tools.light,essence,1,0,0,0,,0,3.47,3.47,3.47
construction.tools.light,estrade,1,0,0,0,,0,4.5,4.5,4.5
construction.tools.light,higashi,1,0,0,0,,0,720.74,720.74,720.74
construction.tools.light,kolner,1,0,0,0,,0,87.2,87.2,87.2
construction.tools.light,koopman,1,0,0,0,,0,33.46,33.46,33.46
construction.tools.light,laufen,1,0,0,0,,0,115.16,115.16,115.16
construction.tools.light,metabo,1,0,0,0,,0,1254.67,1254.67,1254.67
construction.tools.light,roca,1,0,0,0,,0,1086.27,1086.27,1086.27
construction.tools.light,santek,1,0,0,0,,0,70.93,70.93,70.93
construction.tools.light,smile,1,0,0,0,,0,15.54,15.54,15.54
construction.tools.light,topface,1,0,0,0,,0,4.76,4.76,4.76
construction.tools.light,total,1,0,0,0,,0,74.62,74.62,74.62
construction.tools.light,vgr,1,0,0,0,,0,21.62,21.62,21.62
construction.tools.light,wehncke,1,0,0,0,,0,308.86,308.86,308.86
construction.tools.light,wellneo,1,0,0,0,,0,33.44,90.07,45.88166667
construction.tools.painting,alerana,1,0,0,0,,0,10.17,10.17,10.17
construction.tools.painting,art-visage,1,0,0,0,,0,2.7,2.7,2.7
construction.tools.painting,ga-de,1,0,0,0,,0,10.56,10.56,10.56
construction.tools.painting,kronostar,1,0,0,0,,0,14.26,14.26,14.26
construction.tools.painting,loreal,1,0,0,0,,0,11.07,11.07,11.07
construction.tools.painting,mavic,1,0,0,0,,0,205.67,205.67,205.67
construction.tools.pump,avene,1,0,0,0,,0,3.35,3.35,3.35
construction.tools.pump,colourpop,1,0,0,0,,0,11.58,11.58,11.58
construction.tools.pump,elizavecca,1,0,0,0,,0,18.66,18.66,18.66
construction.tools.pump,essence,1,1,0,1,0,0,3.86,3.86,3.86
construction.tools.pump,ferrino,1,0,0,0,,0,156.5,156.5,156.5
construction.tools.pump,huntsman,1,0,0,0,,0,42.8,42.8,42.8
construction.tools.pump,lux,1,0,0,0,,0,254.83,254.83,254.83
construction.tools.pump,mizon,1,0,0,0,,0,5.15,5.15,5.15
construction.tools.pump,nike,1,0,0,0,,0,25.48,25.48,25.48
construction.tools.pump,noppies,1,0,0,0,,0,87.52,87.52,87.52
construction.tools.pump,tyr,1,0,0,0,,0,47.62,47.62,47.62
construction.tools.pump,weekend,1,0,0,0,,0,247.11,247.11,247.11
construction.tools.pump,xiaomi,1,0,0,0,,0,51.22,51.22,51.22
construction.tools.saw,cmi,1,0,0,0,,0,198.89,198.89,198.89
construction.tools.saw,coopervision,1,0,0,0,,0,55.34,55.34,55.34
construction.tools.saw,hitachi,1,0,0,0,,0,253.22,253.22,253.22
construction.tools.saw,husqvarna,1,0,0,0,,0,333.6,333.6,333.6
construction.tools.saw,insight,1,0,0,0,,0,5.66,24.71,15.185
construction.tools.saw,keune,1,0,0,0,,0,55.65,55.65,55.65
construction.tools.saw,nix,1,0,0,0,,0,41.19,41.19,41.19
construction.tools.saw,selective,1,0,0,0,,0,50.71,50.71,50.71
construction.tools.saw,stalker,1,0,0,0,,0,54.06,54.06,54.06
construction.tools.screw,ccm,1,0,0,0,,0,137.62,137.62,137.62
construction.tools.soldering,alteco,1,0,0,0,,0,69.5,69.5,69.5
construction.tools.soldering,crown,1,0,0,0,,0,137.87,137.87,137.87
construction.tools.soldering,metabo,1,0,0,0,,0,1145.2,1145.2,1145.2
construction.tools.welding,acase,1,0,0,0,,0,5.12,5.12,5.12
construction.tools.welding,alteco,1,0,0,0,,0,314.47,314.47,314.47
construction.tools.welding,arg,1,0,0,0,,0,82.34,97.79,90.065
construction.tools.welding,bq,1,0,0,0,,0,9.76,9.76,9.76
construction.tools.welding,burgerschuhe,1,0,0,0,,0,88.81,88.81,88.81
construction.tools.welding,condtrol,1,0,0,0,,0,177.6,177.6,177.6
construction.tools.welding,crown,1,0,0,0,,0,152.68,152.68,152.68
construction.tools.welding,denzel,1,0,0,0,,0,114.89,121.84,116.6275
construction.tools.welding,dewalt,1,0,0,0,,0,159.72,159.72,159.72
construction.tools.welding,dsp,1,0,0,0,,0,58.95,58.95,58.95
construction.tools.welding,edelman,1,0,0,0,,0,54.6,54.6,54.6
construction.tools.welding,elenberg,1,0,0,0,,0,72.05,72.05,72.05
construction.tools.welding,energolux,1,0,0,0,,0,78.48,89.55,82.908
construction.tools.welding,iwalk,1,0,0,0,,0,10.36,10.36,10.36
construction.tools.welding,lunecase,1,0,0,0,,0,42.12,42.12,42.12
construction.tools.welding,makita,1,0,0,0,,0,72.24,72.24,72.24
construction.tools.welding,midea,1,0,0,0,,0,90.02,90.02,90.02
construction.tools.welding,nanga,1,0,0,0,,0,41.19,41.19,41.19
construction.tools.welding,oitez,1,0,0,0,,0,50.31,50.31,50.31
construction.tools.welding,redbo,1,0,0,0,,0,226,226,226
construction.tools.welding,redcastle,1,0,0,0,,0,33.98,33.98,33.98
construction.tools.welding,remax,1,0,0,0,,0,5.12,5.12,5.12
construction.tools.welding,rock,1,0,0,0,,0,3.06,3.06,3.06
construction.tools.welding,rovus,1,0,0,0,,0,30.86,30.86,30.86
construction.tools.welding,solaris,1,0,0,0,,0,86.46,86.46,86.46
construction.tools.welding,wert,1,0,0,0,,0,84.52,84.52,84.52
country_yard.cultivator,apacer,1,0,0,0,,0,2.55,2.55,2.55
country_yard.cultivator,inkax,1,0,0,0,,0,6.44,7.46,6.95
country_yard.cultivator,ipower,1,0,0,0,,0,1.93,1.93,1.93
country_yard.cultivator,olmio,1,0,0,0,,0,4.09,6.92,5.584
country_yard.cultivator,puma,1,0,0,0,,0,86.46,86.46,86.46
country_yard.cultivator,rheinberger,1,0,0,0,,0,57.4,57.4,57.4
country_yard.cultivator,ritmix,1,0,0,0,,0,5.89,5.89,5.89
country_yard.cultivator,ship,1,0,0,0,,0,4.61,4.61,4.61
country_yard.cultivator,usams,1,0,0,0,,0,7.44,8.21,7.825
country_yard.furniture.hammok,Unknown,1,0,0,0,,0,26.85,26.85,26.85
country_yard.furniture.hammok,intro,1,0,0,0,,0,5.12,5.12,5.12
country_yard.furniture.hammok,korin,1,0,0,0,,0,96.01,96.01,96.01
country_yard.furniture.hammok,ritmix,1,0,0,0,,0,4.35,4.35,4.35
country_yard.furniture.hammok,roncato,1,0,0,0,,0,126.13,126.13,126.13
country_yard.furniture.hammok,xiaomi,1,0,0,0,,0,4.89,25.73,15.805
country_yard.lawn_mower,nutrex,1,0,0,0,,0,37.45,37.45,37.45
electronics.audio.acoustic,alteco,1,0,0,0,,0,33.98,33.98,33.98
electronics.audio.acoustic,baden,1,0,0,0,,0,37.07,37.07,37.07
electronics.audio.acoustic,caraya,1,0,0,0,,0,108.11,108.11,108.11
electronics.audio.acoustic,cort,1,0,0,0,,0,139,252.77,195.885
electronics.audio.acoustic,deviser,1,0,0,0,,0,218.8,218.8,218.8
electronics.audio.acoustic,dewalt,1,0,0,0,,0,98.59,98.59,98.59
electronics.audio.acoustic,dremel,1,0,0,0,,0,122.63,122.63,122.63
electronics.audio.acoustic,festool,1,0,0,0,,0,358.31,358.31,358.31
electronics.audio.acoustic,homage,1,0,0,0,,0,84.94,84.94,84.94
electronics.audio.acoustic,makita,1,0,0,0,,0,313.15,313.15,313.15
electronics.audio.acoustic,naranda,1,0,0,0,,0,97.81,97.81,97.81
electronics.audio.acoustic,nexpero,1,0,0,0,,0,55.09,55.09,55.09
electronics.audio.acoustic,parkwood,1,0,0,0,,0,149.3,211.07,180.185
electronics.audio.acoustic,rockdale,1,0,0,0,,0,100.39,100.39,100.39
electronics.audio.acoustic,romer,1,0,0,0,,0,79.54,79.54,79.54
electronics.audio.acoustic,ryobi,1,0,0,0,,0,59.56,59.56,59.56
electronics.audio.acoustic,squier,1,0,0,0,,0,157.79,157.79,157.79
electronics.audio.acoustic,terris,1,0,0,0,,0,69.5,69.5,69.5
electronics.audio.headphone,harper,1,0,0,0,,0,4.61,4.61,4.61
electronics.audio.headphone,jabra,1,0,0,0,,0,128.68,128.68,128.68
electronics.audio.headphone,samsung,1,0,0,0,,0,25.02,25.02,25.02
electronics.audio.headphone,sony,1,0,0,0,,0,76.96,76.96,76.96
electronics.audio.microphone,einhell,1,0,0,0,,0,218.8,218.8,218.8
electronics.audio.microphone,graphite,1,0,0,0,,0,72.6,72.6,72.6
electronics.audio.microphone,joerex,1,0,0,0,,0,10.3,10.3,10.3
electronics.audio.microphone,noppies,1,0,0,0,,0,66.93,66.93,66.93
electronics.audio.microphone,wortex,1,1,1,1,1,1,97.79,97.79,97.79
electronics.audio.microphone,wster,1,0,0,0,,0,37.84,37.84,37.84
electronics.audio.music_tools.piano,adidas,1,0,0,0,,0,48.91,48.91,48.91
electronics.audio.music_tools.piano,demix,1,0,0,0,,0,22.52,22.52,22.52
electronics.audio.music_tools.piano,harley-davidson,1,0,0,0,,0,75.94,75.94,75.94
electronics.audio.music_tools.piano,kativa,1,1,0,1,0,0,16.73,16.73,16.73
electronics.audio.music_tools.piano,keune,1,0,0,0,,0,26.13,27.48,26.805
electronics.audio.music_tools.piano,ollin,1,0,0,0,,0,6.23,6.23,6.23
electronics.audio.subwoofer,audison,1,0,0,0,,0,176.76,176.76,176.76
electronics.audio.subwoofer,berghoff,1,0,0,0,,0,7.18,7.18,7.18
electronics.audio.subwoofer,focal,1,0,0,0,,0,299.03,299.03,299.03
electronics.audio.subwoofer,greenway,1,0,0,0,,0,23.17,23.17,23.17
electronics.audio.subwoofer,iittala,1,0,0,0,,0,11.78,11.78,11.78
electronics.audio.subwoofer,luminarc,1,0,0,0,,0,13.62,13.62,13.62
electronics.audio.subwoofer,machete,1,0,0,0,,0,140.02,140.02,140.02
electronics.audio.subwoofer,mystery,1,0,0,0,,0,20.59,20.59,20.59
electronics.audio.subwoofer,sonda,1,0,0,0,,0,24.45,24.45,24.45
electronics.audio.subwoofer,swat,1,0,0,0,,0,38.22,38.22,38.22
electronics.camera.photo,ariete,1,0,0,0,,0,102.14,102.14,102.14
electronics.camera.photo,artel,1,0,0,0,,0,18.93,18.93,18.93
electronics.camera.photo,delonghi,1,0,0,0,,0,115.81,115.81,115.81
electronics.camera.photo,disney,1,0,0,0,,0,23.14,23.14,23.14
electronics.camera.photo,elenberg,1,0,0,0,,0,25.71,25.71,25.71
electronics.camera.photo,first,1,0,0,0,,0,28.29,28.29,28.29
electronics.camera.photo,kenwood,1,0,0,0,,0,66.9,66.9,66.9
electronics.camera.photo,maxima,1,0,0,0,,0,51.46,51.46,51.46
electronics.camera.photo,moulinex,1,0,0,0,,0,41.16,41.16,41.16
electronics.camera.video,edifier,1,0,0,0,,0,25.46,25.46,25.46
electronics.camera.video,elari,1,0,0,0,,0,34.46,34.46,34.46
electronics.camera.video,fly,1,0,0,0,,0,13.57,13.57,13.57
electronics.camera.video,hiper,1,0,0,0,,0,17.45,17.45,17.45
electronics.camera.video,jbl,1,0,0,0,,0,28.32,28.32,28.32
electronics.camera.video,vertex,1,0,0,0,,0,20.79,20.79,20.79
electronics.camera.video,xiaomi,1,0,0,0,,0,102.19,102.19,102.19
electronics.clocks,agu,1,0,0,0,,0,38.59,38.59,38.59
electronics.clocks,alpina,1,0,0,0,,0,704.27,704.27,704.27
electronics.clocks,atmor,1,0,0,0,,0,48.88,48.88,48.88
electronics.clocks,calypso,1,0,0,0,,0,204.9,204.9,204.9
electronics.clocks,delimano,1,0,0,0,,0,48.36,48.36,48.36
electronics.clocks,dewalt,1,0,0,0,,0,244.54,244.54,244.54
electronics.clocks,diesel,1,0,0,0,,0,225.49,225.49,225.49
electronics.clocks,dwt,1,0,0,0,,0,56.63,56.63,56.63
electronics.clocks,edox,1,0,0,0,,0,631.68,631.68,631.68
electronics.clocks,electrolux,1,0,0,0,,0,110.66,110.66,110.66
electronics.clocks,fitbit,1,0,0,0,,0,180.16,180.16,180.16
electronics.clocks,hanowa,1,0,0,0,,0,301.17,301.17,301.17
electronics.clocks,lorus,1,0,0,0,,0,102.19,102.19,102.19
electronics.clocks,metalions,1,0,0,0,,0,67.7,67.7,67.7
electronics.clocks,midea,1,0,0,0,,0,81.04,81.04,81.04
electronics.clocks,mido,1,0,0,0,,0,1009.03,1009.03,1009.03
electronics.clocks,omax,1,0,0,0,,0,27.84,34.29,31.065
electronics.clocks,pebble,1,0,0,0,,0,172.46,172.46,172.46
electronics.clocks,puckator,1,0,0,0,,0,20.59,20.59,20.59
electronics.clocks,rastar,1,0,0,0,,0,9.06,9.06,9.06
electronics.clocks,rinnai,1,0,0,0,,0,527.68,527.68,527.68
electronics.clocks,skagen,1,0,0,0,,0,123.56,123.56,123.56
electronics.clocks,ski-doo,1,0,0,0,,0,36.09,55.83,45.96
electronics.clocks,total,1,0,0,0,,0,51.46,51.46,51.46
electronics.clocks,unipump,1,0,0,0,,0,42.99,42.99,42.99
electronics.clocks,versus,1,0,0,0,,0,280.55,280.55,280.55
electronics.clocks,zeppelin,1,0,0,0,,0,435.02,435.02,435.02
electronics.clocks,zinvo,1,0,0,0,,0,386.11,386.11,386.11
electronics.smartphone,karya,1,0,0,0,,0,16.73,16.73,16.73
electronics.smartphone,rapid,1,0,0,0,,0,6.19,6.19,6.19
electronics.tablet,barneo,1,0,0,0,,0,173.49,173.49,173.49
electronics.tablet,brabix,1,0,0,0,,0,186.74,186.74,186.74
electronics.tablet,carters,1,0,0,0,,0,31.02,31.02,31.02
electronics.tablet,comf-pro,1,0,0,0,,0,416.08,416.08,416.08
electronics.tablet,huawei,1,0,0,0,,0,334.6,334.6,334.6
electronics.tablet,malamalama,1,0,0,0,,0,6.46,6.46,6.46
electronics.tablet,olss,1,0,0,0,,0,103.9,144.6,117.4666667
electronics.tablet,prestigio,1,0,0,0,,0,143.89,143.89,143.89
electronics.telephone,acer,1,0,0,0,,0,438.78,438.78,438.78
electronics.telephone,bertoni,1,0,0,0,,0,58.43,58.43,58.43
electronics.telephone,maxi-cosi,1,0,0,0,,0,261.35,261.35,261.35
electronics.telephone,nutrend,1,0,0,0,,0,30.25,30.25,30.25
electronics.telephone,saturn,1,0,0,0,,0,48.91,48.91,48.91
electronics.telephone,siger,1,0,0,0,,0,86.21,86.21,86.21
electronics.telephone,simpleparenting,1,0,0,0,,0,383.54,383.54,383.54
electronics.telephone,xgimi,1,0,0,0,,0,746.22,746.22,746.22
electronics.video.projector,helvetia,1,0,0,0,,0,471.03,471.03,471.03
electronics.video.projector,imperial,1,0,0,0,,0,199.21,199.21,199.21
electronics.video.projector,mebelson,1,0,0,0,,0,43.22,43.22,43.22
electronics.video.tv,horizont,1,0,0,0,,0,124.33,124.33,124.33
electronics.video.tv,kaier,1,0,0,0,,0,398.98,398.98,398.98
furniture.bathroom.bath,ariete,1,0,0,0,,0,25.49,25.49,25.49
furniture.bathroom.bath,bosch,1,0,0,0,,0,196.89,196.89,196.89
furniture.bathroom.bath,gorenje,1,0,0,0,,0,32.1,32.1,32.1
furniture.bathroom.bath,panasonic,1,0,0,0,,0,22.63,22.63,22.63
furniture.bathroom.bath,unit,1,0,0,0,,0,11.56,11.56,11.56
furniture.bathroom.toilet,grohe,1,0,0,0,,0,276.65,276.65,276.65
furniture.bedroom.bed,aquamarine,1,0,0,0,,0,6.56,6.56,6.56
furniture.bedroom.bed,askona,1,0,0,0,,0,536.71,536.71,536.71
furniture.bedroom.bed,caprice,1,0,0,0,,0,75.94,75.94,75.94
furniture.bedroom.bed,crona,1,1,0,1,0,0,148.64,148.64,148.64
furniture.bedroom.bed,edcon,1,0,0,0,,0,178.78,256,217.39
furniture.bedroom.bed,lorelli,1,0,0,0,,0,71.3,71.3,71.3
furniture.bedroom.bed,mutlu,1,0,0,0,,0,143.73,143.73,143.73
furniture.bedroom.bed,racer,1,0,0,0,,0,94.56,94.56,94.56
furniture.bedroom.bed,solite,1,0,0,0,,0,105.54,105.54,105.54
furniture.bedroom.bed,stokke,1,0,0,0,,0,46.31,46.31,46.31
furniture.bedroom.bed,w-star,1,0,0,0,,0,92.25,92.25,92.25
furniture.bedroom.bed,weekend,1,0,0,0,,0,56.37,56.37,56.37
furniture.bedroom.blanket,belashoff,1,0,0,0,,0,74.65,74.65,74.65
furniture.bedroom.blanket,daewooelectronics,1,0,0,0,,0,102.94,102.94,102.94
furniture.bedroom.blanket,eglo,1,0,0,0,,0,45.05,270.53,154.494
furniture.bedroom.blanket,electrolux,1,0,0,0,,0,175.01,175.01,175.01
furniture.bedroom.blanket,grohe,1,0,0,0,,0,12.07,38.72,25.395
furniture.bedroom.blanket,kenwood,1,0,0,0,,0,257.38,257.38,257.38
furniture.bedroom.blanket,kuppersberg,1,0,0,0,,0,1482.34,1940.14,1711.24
furniture.bedroom.blanket,maxwell,1,0,0,0,,0,15.42,15.42,15.42
furniture.bedroom.blanket,oursson,1,0,0,0,,0,66.9,66.9,66.9
furniture.bedroom.blanket,respect,1,0,0,0,,0,31.92,31.92,31.92
furniture.bedroom.blanket,saturn,1,0,0,0,,0,23.64,23.64,23.64
furniture.bedroom.blanket,unit,1,0,0,0,,0,5.71,5.71,5.71
furniture.bedroom.pillow,atlant,1,0,0,0,,0,76.45,89.32,82.885
furniture.kitchen.chair,accesstyle,1,0,0,0,,0,33.15,33.15,33.15
furniture.kitchen.chair,brw,1,0,0,0,,0,347.5,347.5,347.5
furniture.kitchen.chair,crown,1,0,0,0,,0,6.44,6.44,6.44
furniture.kitchen.chair,goalzero,1,0,0,0,,0,50.32,50.32,50.32
furniture.kitchen.chair,greenway,1,0,0,0,,0,9.24,9.24,9.24
furniture.kitchen.chair,lifetrons,1,0,0,0,,0,11.73,11.73,11.73
furniture.kitchen.chair,mc,1,0,0,0,,0,39.87,39.87,39.87
furniture.kitchen.chair,nika,1,0,0,0,,0,40.6,40.6,40.6
furniture.kitchen.chair,pisen,1,0,0,0,,0,13.1,13.1,13.1
furniture.kitchen.chair,stiga,1,0,0,0,,0,102.42,108.09,105.255
furniture.kitchen.chair,wk,1,0,0,0,,0,7.72,7.72,7.72
furniture.kitchen.chair,zmi,1,0,0,0,,0,33.21,33.21,33.21
furniture.kitchen.table,acer,1,0,0,0,,0,51.46,51.46,51.46
furniture.kitchen.table,albino,1,0,0,0,,0,1668,1668,1668
furniture.kitchen.table,auratic,1,0,0,0,,0,7.72,7.72,7.72
furniture.kitchen.table,benq,1,0,0,0,,0,110.66,110.66,110.66
furniture.kitchen.table,bts,1,0,0,0,,0,98.84,98.84,98.84
furniture.kitchen.table,camelion,1,0,0,0,,0,2.42,2.42,2.42
furniture.kitchen.table,canyon,1,0,1,0,,1,7.18,7.18,7.18
furniture.kitchen.table,engenius,1,0,0,0,,0,14.13,14.13,14.13
furniture.kitchen.table,gauss,1,0,0,0,,0,5.33,5.33,5.33
furniture.kitchen.table,gembird,1,0,0,0,,0,2.19,2.19,2.19
furniture.kitchen.table,gerat,1,0,0,0,,0,90.86,90.86,90.86
furniture.kitchen.table,gravas,1,0,0,0,,0,2496.85,2496.85,2496.85
furniture.kitchen.table,kayser,1,0,0,0,,0,11.69,15.12,13.405
furniture.kitchen.table,kingston,1,0,0,0,,0,79.77,79.77,79.77
furniture.kitchen.table,klorane,1,0,0,0,,0,9.01,9.01,9.01
furniture.kitchen.table,lezard,1,0,0,0,,0,9.19,9.19,9.19
furniture.kitchen.table,londa,1,0,0,0,,0,12.37,12.37,12.37
furniture.kitchen.table,manacas,1,0,0,0,,0,2548.33,2548.33,2548.33
furniture.kitchen.table,mart,1,1,0,1,0,0,16.71,16.71,16.71
furniture.kitchen.table,maxler,1,0,0,0,,0,20.46,20.46,20.46
furniture.kitchen.table,milight,1,0,0,0,,0,10.48,10.48,10.48
furniture.kitchen.table,myprotein,1,0,0,0,,0,7.04,7.04,7.04
furniture.kitchen.table,nada,1,0,0,0,,0,7.7,7.7,7.7
furniture.kitchen.table,nutrend,1,0,0,0,,0,3.35,3.35,3.35
furniture.kitchen.table,omnimount,1,0,0,0,,0,617.75,617.75,617.75
furniture.kitchen.table,onkron,1,0,0,0,,0,86.09,86.09,86.09
furniture.kitchen.table,philips,1,0,0,0,,0,3.84,3.84,3.84
furniture.kitchen.table,sis,1,0,0,0,,0,2.57,2.57,2.57
furniture.kitchen.table,tamina,1,0,0,0,,0,875.18,2162.22,1222.68
furniture.kitchen.table,toshiba,1,0,0,0,,0,4.09,4.09,4.09
furniture.kitchen.table,tramontina,1,0,0,0,,0,19.77,19.77,19.77
furniture.kitchen.table,zowie,1,0,0,0,,0,125.59,125.59,125.59
furniture.living_room.cabinet,aeg,1,0,0,0,,0,37.28,37.28,37.28
furniture.living_room.cabinet,benbat,1,0,0,0,,0,56.6,56.6,56.6
furniture.living_room.cabinet,canyon,1,0,0,0,,0,3.06,3.06,3.06
furniture.living_room.cabinet,defender,1,1,0,1,0,0,0.95,0.95,0.95
furniture.living_room.cabinet,delsey,1,0,0,0,,0,110.94,110.94,110.94
furniture.living_room.cabinet,eago,1,0,0,0,,0,415.71,415.71,415.71
furniture.living_room.cabinet,hp,1,0,1,0,,1,24.38,29.22,25.59
furniture.living_room.cabinet,lenovo,1,0,0,0,,0,8.78,8.78,8.78
furniture.living_room.cabinet,sumdex,1,0,0,0,,0,115.06,115.06,115.06
furniture.living_room.cabinet,textura,1,0,0,0,,0,107.63,107.63,107.63
furniture.living_room.cabinet,vitek,1,0,0,0,,0,33.44,33.44,33.44
furniture.living_room.cabinet,wellneo,1,0,0,0,,0,154.42,154.42,154.42
furniture.living_room.chair,bela,1,0,0,0,,0,27.8,27.8,27.8
furniture.living_room.chair,defacto,1,0,0,0,,0,10.27,10.27,10.27
furniture.living_room.chair,deton,1,0,0,0,,0,386.73,391.66,389.195
furniture.living_room.chair,donfeel,1,0,0,0,,0,77.22,77.22,77.22
furniture.living_room.chair,maclay,1,0,0,0,,0,27.39,27.39,27.39
furniture.living_room.chair,makeblock,1,0,0,0,,0,32.66,32.66,32.66
furniture.living_room.chair,rovus,1,0,0,0,,0,205.9,205.9,205.9
furniture.living_room.chair,tefal,1,0,0,0,,0,12.84,12.84,12.84
furniture.living_room.chair,verloni,1,0,0,0,,0,6.41,6.41,6.41
furniture.living_room.chair,willmark,1,0,0,0,,0,15.42,15.42,15.42
furniture.living_room.chair,yamaguchi,1,0,0,0,,0,777.24,777.24,777.24
furniture.living_room.shelving,Unknown,1,0,0,0,,0,32.18,32.18,32.18
furniture.living_room.shelving,imperial,1,0,0,0,,0,18.76,18.76,18.76
furniture.living_room.sofa,avene,1,0,0,0,,0,15.44,22.91,18.355
furniture.living_room.sofa,bielita,1,0,0,0,,0,0.92,0.92,0.92
furniture.living_room.sofa,biolane,1,0,0,0,,0,5.66,5.66,5.66
furniture.living_room.sofa,cafemimi,1,0,0,0,,0,2.96,2.96,2.96
furniture.living_room.sofa,cordial,1,1,0,1,0,0,514.81,514.81,514.81
furniture.living_room.sofa,d-clinic,1,0,0,0,,0,25.74,25.74,25.74
furniture.living_room.sofa,ekel,1,0,0,0,,0,3.35,4.04,3.695
furniture.living_room.sofa,elizavecca,1,0,0,0,,0,10.24,12.87,11.99333333
furniture.living_room.sofa,esse,1,0,0,0,,0,62.81,62.81,62.81
furniture.living_room.sofa,isntree,1,0,0,0,,0,16.73,16.73,16.73
furniture.living_room.sofa,jocelyn,1,0,0,0,,0,3.77,3.77,3.77
furniture.living_room.sofa,kora,1,0,0,0,,0,7.72,7.72,7.72
furniture.living_room.sofa,nivea,1,0,0,0,,0,11.01,11.01,11.01
furniture.living_room.sofa,nuxe,1,0,0,0,,0,13.64,13.64,13.64
furniture.living_room.sofa,uriage,1,0,0,0,,0,13.39,25.23,18.70666667
furniture.universal.light,artglass,1,0,0,0,,0,876.47,876.47,876.47
furniture.universal.light,lidonet,1,0,0,0,,0,40.93,40.93,40.93
furniture.universal.light,preciosa,1,0,0,0,,0,426.37,426.37,426.37
furniture.universal.light,serebro,1,0,0,0,,0,4.12,8.88,7.69
kids.dolls,altex,1,0,0,0,,0,328.55,328.55,328.55
kids.dolls,aurora,1,0,0,0,,0,9.55,9.55,9.55
kids.dolls,jimcarrey,1,0,0,0,,0,39.9,39.9,39.9
kids.dolls,kiddieart,1,0,0,0,,0,14.57,17.58,16.075
kids.dolls,metoo,1,0,0,0,,0,9.78,9.78,9.78
kids.dolls,novigo,1,0,0,0,,0,97.79,97.79,97.79
kids.dolls,rizmo,1,0,0,0,,0,82.37,82.37,82.37
kids.fmcg.diapers,bestway,1,0,0,0,,0,15.37,15.37,15.37
kids.fmcg.diapers,genlog,1,0,0,0,,0,180.06,583.03,314.3833333
kids.fmcg.diapers,kodak,1,0,0,0,,0,105.79,105.79,105.79
kids.fmcg.diapers,moonybaby,1,0,0,0,,0,87.49,117.12,102.305
kids.fmcg.diapers,motorola,1,0,0,0,,0,43.49,43.49,43.49
kids.fmcg.diapers,norfin,1,0,0,0,,0,72.05,90.07,78.324375
kids.fmcg.diapers,robens,1,0,0,0,,0,47.62,47.62,47.62
kids.fmcg.diapers,samsung,1,0,0,0,,0,318.67,318.67,318.67
kids.fmcg.diapers,sanosan,1,0,0,0,,0,2.41,2.41,2.41
kids.skates,babykiss,1,0,0,0,,0,218.79,218.79,218.79
kids.skates,babyzz,1,0,0,0,,0,128.7,194.6,172.6333333
kids.skates,bambola,1,0,0,0,,0,63.84,63.84,63.84
kids.skates,bbh,1,0,0,0,,0,82.37,82.37,82.37
kids.skates,fnixbebe,1,0,0,0,,0,61.01,61.01,61.01
kids.skates,hubster,1,0,0,0,,0,48.35,48.35,48.35
kids.skates,inglesina,1,0,0,0,,0,720.74,720.74,720.74
kids.skates,jetem,1,0,0,0,,0,136.94,252.26,194.6
kids.skates,kacper,1,0,0,0,,0,158.54,158.54,158.54
kids.skates,lonex,1,0,0,0,,0,398.98,398.98,398.98
kids.skates,lorelli-bertoni,1,0,0,0,,0,129.99,129.99,129.99
kids.skates,maclaren,1,0,0,0,,0,370.67,370.67,370.67
kids.skates,marimex,1,0,0,0,,0,162.14,162.14,162.14
kids.skates,mateus,1,0,0,0,,0,48.65,48.65,48.65
kids.skates,maxi-cosi,1,0,0,0,,0,457.67,457.67,457.67
kids.skates,mima,1,0,0,0,,0,1016.76,1016.76,1016.76
kids.skates,nika,1,0,0,0,,0,129.22,129.22,129.22
kids.skates,pituso,1,0,0,0,,0,113.26,176.58,148.225
kids.skates,quinny,1,0,0,0,,0,224.46,224.46,224.46
kids.skates,serebro,1,0,0,0,,0,3.86,3.86,3.86
kids.skates,stokke,1,0,0,0,,0,1395.07,1395.07,1395.07
kids.skates,tako,1,0,0,0,,0,514.81,514.81,514.81
kids.swing,acme,1,0,0,0,,0,34.75,34.75,34.75
kids.swing,beurer,1,0,0,0,,0,97.1,97.1,97.1
kids.swing,cartier,1,0,0,0,,0,2372.78,2372.78,2372.78
kids.swing,celine,1,0,0,0,,0,537.72,537.72,537.72
kids.swing,chopard,1,0,0,0,,0,872.35,872.35,872.35
kids.swing,coleman,1,0,0,0,,0,30.89,30.89,30.89
kids.swing,denon,1,0,0,0,,0,617.62,617.62,617.62
kids.swing,dune,1,0,0,0,,0,67.44,67.44,67.44
kids.swing,fred,1,0,0,0,,0,1438.65,1438.65,1438.65
kids.swing,hottek,1,0,0,0,,0,13.71,13.71,13.71
kids.swing,marshall,1,0,0,0,,0,100.13,161.65,120.6366667
kids.swing,pajak,1,0,0,0,,0,473.63,473.63,473.63
kids.swing,peavey,1,0,0,0,,0,220.82,220.82,220.82
kids.swing,saturn,1,0,0,0,,0,11.03,11.03,11.03
kids.swing,sencor,1,0,0,0,,0,15.42,15.42,15.42
kids.swing,silhouette,1,0,0,0,,0,311.2,311.2,311.2
kids.toys,caprice,1,0,0,0,,0,104.76,104.76,104.76
kids.toys,chicco,1,0,0,0,,0,42.86,42.86,42.86
kids.toys,covani,1,0,0,0,,0,60.49,63.06,61.34666667
kids.toys,exost,1,0,0,0,,0,118.92,118.92,118.92
kids.toys,fortnite,1,0,0,0,,0,30.7,30.7,30.7
kids.toys,guangwei,1,0,0,0,,0,12.84,12.84,12.84
kids.toys,gulliver,1,0,0,0,,0,9,9,9
kids.toys,hq,1,0,0,0,,0,48.88,48.88,48.88
kids.toys,jazwares,1,0,0,0,,0,33.98,33.98,33.98
kids.toys,lg,1,0,0,0,,0,279.36,279.36,279.36
kids.toys,marko,1,0,0,0,,0,38.59,38.59,38.59
kids.toys,mioshi,1,0,0,0,,0,28.98,28.98,28.98
kids.toys,moose,1,0,0,0,,0,23.14,23.14,23.14
kids.toys,mz,1,0,0,0,,0,20.57,20.57,20.57
kids.toys,puma,1,0,0,0,,0,102.94,102.94,102.94
kids.toys,rainbo,1,0,0,0,,0,90.07,90.07,90.07
kids.toys,rovigo,1,0,0,0,,0,114.52,114.52,114.52
kids.toys,rw,1,0,0,0,,0,90.07,90.07,90.07
kids.toys,smody,1,0,0,0,,0,86.49,86.49,86.49
kids.toys,sv,1,0,0,0,,0,102.71,102.71,102.71
kids.toys,viga,1,0,0,0,,0,11.58,11.58,11.58
kids.toys,walkmaxx,1,0,0,0,,0,46.31,46.31,46.31
kids.toys,welly,1,0,0,0,,0,10.55,10.55,10.55
kids.toys,ww,1,0,0,0,,0,15.16,15.16,15.16
kids.toys,xerox,1,0,0,0,,0,154.19,154.19,154.19
kids.toys,xieming,1,0,0,0,,0,16.71,16.71,16.71
kids.toys,zegan,1,0,0,0,,0,38.59,38.59,38.59
medicine.tools.tonometer,biotech,1,1,1,1,1,1,21.02,21.02,21.02
medicine.tools.tonometer,hayali,1,0,0,0,,0,144.15,144.15,144.15
sport.bicycle,acer,1,0,0,0,,0,115.81,115.81,115.81
sport.bicycle,acqua,1,1,0,1,0,0,2.64,2.64,2.64
sport.bicycle,adidas,1,0,0,0,,0,82.34,82.34,82.34
sport.bicycle,bartek,1,0,0,0,,0,41.19,41.19,41.19
sport.bicycle,biomecanics,1,0,0,0,,0,51.48,51.48,51.48
sport.bicycle,borasco,1,0,0,0,,0,4.12,4.12,4.12
sport.bicycle,continent,1,0,0,0,,0,2.06,2.06,2.06
sport.bicycle,dadget,1,0,0,0,,0,87.26,87.26,87.26
sport.bicycle,dearest,1,0,0,0,,0,38.61,38.61,38.61
sport.bicycle,elco,1,0,1,0,,1,20.34,20.34,20.34
sport.bicycle,fiio,1,0,0,0,,0,173.75,173.75,173.75
sport.bicycle,fila,1,0,0,0,,0,38.46,38.46,38.46
sport.bicycle,first,1,0,0,0,,0,21.62,21.62,21.62
sport.bicycle,inkax,1,0,0,0,,0,3.86,6.44,4.892
sport.bicycle,joyroom,1,0,0,0,,0,6.44,6.44,6.44
sport.bicycle,jvc,1,0,0,0,,0,7.72,7.72,7.72
sport.bicycle,komc,1,1,1,1,1,1,23.3,23.3,23.3
sport.bicycle,koss,1,0,0,0,,0,15.18,15.18,15.18
sport.bicycle,kovroff,1,0,0,0,,0,1.96,20,6.229
sport.bicycle,marley,1,0,0,0,,0,20.08,20.08,20.08
sport.bicycle,masi,1,0,0,0,,0,669,669,669
sport.bicycle,meizu,1,1,0,1,0,0,56.37,56.37,56.37
sport.bicycle,microlab,1,0,0,0,,0,27.32,27.32,27.32
sport.bicycle,moulinex,1,0,0,0,,0,35.78,35.78,35.78
sport.bicycle,panasonic,1,0,0,0,,0,7.7,8.98,8.02
sport.bicycle,philips,1,0,0,0,,0,46.31,46.31,46.31
sport.bicycle,prestige,1,0,0,0,,0,366.8,366.8,366.8
sport.bicycle,ragolle,1,0,0,0,,0,664.11,664.11,664.11
sport.bicycle,razer,1,0,0,0,,0,97.56,97.56,97.56
sport.bicycle,ricco,1,0,0,0,,0,21.78,21.78,21.78
sport.bicycle,smile,1,0,0,0,,0,49.65,49.65,49.65
sport.bicycle,steelseries,1,0,0,0,,0,56.35,56.35,56.35
sport.bicycle,technics,1,0,0,0,,0,208.47,208.47,208.47
sport.bicycle,tristar,1,0,0,0,,0,41.96,41.96,41.96
sport.bicycle,unit,1,0,0,0,,0,31.17,31.17,31.17
sport.bicycle,velvet,1,0,0,0,,0,287.87,287.87,287.87
sport.diving,Unknown,1,0,0,0,,0,448.66,448.66,448.66
sport.diving,bestway,1,0,0,0,,0,13.62,13.62,13.62
sport.diving,denzel,1,0,0,0,,0,371.29,371.29,371.29
sport.ski,alkor,1,0,0,0,,0,629.27,629.27,629.27
sport.ski,amsterdam,1,0,0,0,,0,6.05,6.05,6.05
sport.ski,atomic,1,0,0,0,,0,197.95,197.95,197.95
sport.ski,bxg,1,0,0,0,,0,275.84,275.84,275.84
sport.ski,chicco,1,0,0,0,,0,163.94,163.94,163.94
sport.ski,crown,1,0,0,0,,0,1.67,1.67,1.67
sport.ski,dell,1,0,0,0,,0,45.34,45.34,45.34
sport.ski,denzel,1,0,0,0,,0,53.04,53.04,53.04
sport.ski,efremov,1,0,0,0,,0,113.77,113.77,113.77
sport.ski,fila,1,0,0,0,,0,115.07,115.07,115.07
sport.ski,kessler,1,0,0,0,,0,2372,2372,2372
sport.ski,lucente,1,0,0,0,,0,56.89,56.89,56.89
sport.ski,micuna,1,0,0,0,,0,296.64,296.64,296.64
sport.ski,portcase,1,0,0,0,,0,10.27,10.27,10.27
sport.ski,pt-group,1,0,0,0,,0,162.17,162.17,162.17
sport.ski,puma,1,0,0,0,,0,60.7,60.7,60.7
sport.ski,riche,1,0,0,0,,0,20.59,20.59,20.59
sport.ski,robertobravo,1,0,0,0,,0,422.64,422.64,422.64
sport.ski,roncato,1,0,0,0,,0,257.38,257.38,257.38
sport.ski,rossignol,1,0,0,0,,0,241.71,241.71,241.71
sport.ski,rovus,1,0,0,0,,0,17.99,17.99,17.99
sport.ski,sabyrzhanayrin,1,0,0,0,,0,34.68,34.68,34.68
sport.ski,salomon,1,0,0,0,,0,591.78,591.78,591.78
sport.ski,stanley,1,0,0,0,,0,83.79,83.79,83.79
sport.ski,stockli,1,0,0,0,,0,241.71,1029.42,635.565
sport.ski,tigernu,1,0,0,0,,0,43.73,43.73,43.73
sport.ski,tucano,1,0,0,0,,0,51.2,51.2,51.2
sport.ski,tv-shop,1,0,0,0,,0,22.91,22.91,22.91
sport.ski,tyr,1,0,0,0,,0,39.64,39.64,39.64
sport.snowboard,demix,1,0,0,0,,0,8.99,8.99,8.99
sport.snowboard,ga-de,1,0,0,0,,0,14.39,14.39,14.39
sport.snowboard,mapex,1,0,0,0,,0,676.72,676.72,676.72
sport.snowboard,mitre,1,0,0,0,,0,74.65,74.65,74.65
sport.snowboard,peavey,1,0,0,0,,0,394.23,394.23,394.23
sport.snowboard,roland,1,0,0,0,,0,457.57,457.57,457.57
sport.snowboard,stagg,1,0,0,0,,0,572.73,572.73,572.73
sport.snowboard,torres,1,0,0,0,,0,29.6,29.6,29.6
sport.snowboard,wilson,1,0,0,0,,0,37.3,37.3,37.3
sport.tennis,yunteng,1,0,0,0,,0,38.61,38.61,38.61
sport.trainer,carbon,1,0,0,0,,0,560.55,560.55,560.55
sport.trainer,clover,1,0,0,0,,0,169.89,169.89,169.89
sport.trainer,corsair,1,0,0,0,,0,305.7,305.7,305.7
sport.trainer,crown,1,0,0,0,,0,137.7,137.7,137.7
sport.trainer,danau,1,0,0,0,,0,765.57,765.57,765.57
sport.trainer,dongma,1,0,0,0,,0,230.38,230.38,230.38
sport.trainer,gross,1,0,1,0,,1,29.6,47.88,41.78666667
sport.trainer,helstons,1,0,0,0,,0,466.42,466.42,466.42
sport.trainer,holicy,1,0,0,0,,0,551.88,551.88,551.88
sport.trainer,kawasaki,1,0,0,0,,0,123.56,123.56,123.56
sport.trainer,komicomo,1,0,0,0,,0,3.22,3.22,3.22
sport.trainer,makita,1,0,0,0,,0,130.25,130.25,130.25
sport.trainer,matrix,1,0,0,0,,0,25.74,25.74,25.74
sport.trainer,p.i.t.,1,0,0,0,,0,126.58,126.58,126.58
sport.trainer,phanteks,1,0,0,0,,0,86.09,86.09,86.09
sport.trainer,pituso,1,0,0,0,,0,147.24,147.24,147.24
sport.trainer,rush,1,0,0,0,,0,137.04,137.04,137.04
sport.trainer,sigma,1,0,0,0,,0,1071.75,1089.82,1076.2675
sport.trainer,sportop,1,0,0,0,,0,604.91,604.91,604.91
sport.trainer,torneo,1,0,0,0,,0,178.6,178.6,178.6
sport.trainer,vinzer,1,0,0,0,,0,74.62,74.62,74.62
sport.trainer,wellberg,1,0,0,0,,0,38.82,38.82,38.82
sport.trainer,zalman,1,0,0,0,,0,111.96,111.96,111.96
stationery.cartrige,epson,1,0,0,0,,0,5.64,5.64,5.64
stationery.cartrige,katun,1,0,0,0,,0,3.85,3.85,3.85
Unknown,acron,0,0,1,,,,15.42,15.42,15.42
Unknown,maxwell,0,0,1,,,,12.84,12.84,12.84
apparel.pajamas,almada,0,1,0,,0,,132.16,132.16,132.16
apparel.shoes.keds,skillmax,0,0,1,,,,90.09,90.09,90.09
apparel.shoes.step_ins,rivertoys,0,0,1,,,,30.89,30.89,30.89
appliances.kitchen.juicer,amd,0,0,1,,,,27.34,27.34,27.34
auto.accessories.radar,sony,0,0,1,,,,17.99,17.99,17.99
computers.components.power_supply,delux,0,0,1,,,,15.87,15.87,15.87
medicine.tools.tonometer,muscletech,0,0,1,,,,62.42,62.42,62.42